id,prefectureCode,municipalityCode,name,nameKana,municipalityType,entityType,parentMunicipality,lifecycleStatus,officialUrl,sourceUrl
jp-01100,01,011002,札幌市,さっぽろし,city,municipality,,current,https://www.city.sapporo.jp/,https://www.pref.hokkaido.lg.jp/link/shichoson/index.html
jp-01101,01,011010,中央区,ちゅうおうく,administrative_ward,administrative_ward,札幌市,current,,https://www.e-stat.go.jp/municipalities/cities/areacode?page=1
jp-01102,01,011029,北区,きたく,administrative_ward,administrative_ward,札幌市,current,,https://www.e-stat.go.jp/municipalities/cities/areacode?page=1
jp-01103,01,011037,東区,ひがしく,administrative_ward,administrative_ward,札幌市,current,,https://www.e-stat.go.jp/municipalities/cities/areacode?page=1
jp-01104,01,011045,白石区,しろいしく,administrative_ward,administrative_ward,札幌市,current,,https://www.e-stat.go.jp/municipalities/cities/areacode?page=1
jp-01105,01,011053,豊平区,とよひらく,administrative_ward,administrative_ward,札幌市,current,,https://www.e-stat.go.jp/municipalities/cities/areacode?page=1
jp-01106,01,011061,南区,みなみく,administrative_ward,administrative_ward,札幌市,current,,https://www.e-stat.go.jp/municipalities/cities/areacode?page=1
jp-01107,01,011070,西区,にしく,administrative_ward,administrative_ward,札幌市,current,,https://www.e-stat.go.jp/municipalities/cities/areacode?page=1
jp-01108,01,011088,厚別区,あつべつく,administrative_ward,administrative_ward,札幌市,current,,https://www.e-stat.go.jp/municipalities/cities/areacode?page=1
jp-01109,01,011096,手稲区,ていねく,administrative_ward,administrative_ward,札幌市,current,,https://www.e-stat.go.jp/municipalities/cities/areacode?page=1
jp-01110,01,011100,清田区,きよたく,administrative_ward,administrative_ward,札幌市,current,,https://www.e-stat.go.jp/municipalities/cities/areacode?page=1
jp-01202,01,012025,函館市,はこだてし,city,municipality,,current,https://www.city.hakodate.hokkaido.jp/,https://www.pref.hokkaido.lg.jp/link/shichoson/index.html
jp-01203,01,012033,小樽市,おたるし,city,municipality,,current,https://www.city.otaru.lg.jp/,https://www.pref.hokkaido.lg.jp/link/shichoson/index.html
jp-01204,01,012041,旭川市,あさひかわし,city,municipality,,current,https://www.city.asahikawa.hokkaido.jp/,https://www.pref.hokkaido.lg.jp/link/shichoson/index.html
jp-01205,01,012050,室蘭市,むろらんし,city,municipality,,current,https://www.city.muroran.lg.jp/,https://www.pref.hokkaido.lg.jp/link/shichoson/index.html
jp-01206,01,012068,釧路市,くしろし,city,municipality,,current,https://www.city.kushiro.lg.jp/,https://www.pref.hokkaido.lg.jp/link/shichoson/index.html
jp-01207,01,012076,帯広市,おびひろし,city,municipality,,current,https://www.city.obihiro.hokkaido.jp/,https://www.pref.hokkaido.lg.jp/link/shichoson/index.html
jp-01208,01,012084,北見市,きたみし,city,municipality,,current,https://www.city.kitami.lg.jp/,https://www.pref.hokkaido.lg.jp/link/shichoson/index.html
jp-01209,01,012092,夕張市,ゆうばりし,city,municipality,,current,https://www.city.yubari.lg.jp/,https://www.pref.hokkaido.lg.jp/link/shichoson/index.html
jp-01210,01,012106,岩見沢市,いわみざわし,city,municipality,,current,https://www.city.iwamizawa.hokkaido.jp/,https://www.pref.hokkaido.lg.jp/link/shichoson/index.html
jp-01211,01,012114,網走市,あばしりし,city,municipality,,current,https://www.city.abashiri.hokkaido.jp/,https://www.pref.hokkaido.lg.jp/link/shichoson/index.html
jp-01212,01,012122,留萌市,るもいし,city,municipality,,current,https://www.e-rumoi.jp/,https://www.pref.hokkaido.lg.jp/link/shichoson/index.html
jp-01213,01,012130,苫小牧市,とまこまいし,city,municipality,,current,https://www.city.tomakomai.hokkaido.jp/,https://www.pref.hokkaido.lg.jp/link/shichoson/index.html
jp-01214,01,012149,稚内市,わっかないし,city,municipality,,current,https://www.city.wakkanai.hokkaido.jp/,https://www.pref.hokkaido.lg.jp/link/shichoson/index.html
jp-01215,01,012157,美唄市,びばいし,city,municipality,,current,https://www.city.bibai.hokkaido.jp/,https://www.pref.hokkaido.lg.jp/link/shichoson/index.html
jp-01216,01,012165,芦別市,あしべつし,city,municipality,,current,https://www.city.ashibetsu.hokkaido.jp/,https://www.pref.hokkaido.lg.jp/link/shichoson/index.html
jp-01217,01,012173,江別市,えべつし,city,municipality,,current,https://www.city.ebetsu.hokkaido.jp/,https://www.pref.hokkaido.lg.jp/link/shichoson/index.html
jp-01218,01,012181,赤平市,あかびらし,city,municipality,,current,https://www.city.akabira.hokkaido.jp/,https://www.pref.hokkaido.lg.jp/link/shichoson/index.html
jp-01219,01,012190,紋別市,もんべつし,city,municipality,,current,https://mombetsu.jp/,https://www.pref.hokkaido.lg.jp/link/shichoson/index.html
jp-01220,01,012203,士別市,しべつし,city,municipality,,current,https://www.city.shibetsu.lg.jp/,https://www.pref.hokkaido.lg.jp/link/shichoson/index.html
jp-01221,01,012211,名寄市,なよろし,city,municipality,,current,https://www.city.nayoro.lg.jp/,https://www.pref.hokkaido.lg.jp/link/shichoson/index.html
jp-01222,01,012220,三笠市,みかさし,city,municipality,,current,https://www.city.mikasa.hokkaido.jp/,https://www.pref.hokkaido.lg.jp/link/shichoson/index.html
jp-01223,01,012238,根室市,ねむろし,city,municipality,,current,https://www.city.nemuro.hokkaido.jp/,https://www.pref.hokkaido.lg.jp/link/shichoson/index.html
jp-01224,01,012246,千歳市,ちとせし,city,municipality,,current,https://www.city.chitose.lg.jp/,https://www.pref.hokkaido.lg.jp/link/shichoson/index.html
jp-01225,01,012254,滝川市,たきかわし,city,municipality,,current,https://www.city.takikawa.lg.jp/,https://www.pref.hokkaido.lg.jp/link/shichoson/index.html
jp-01226,01,012262,砂川市,すながわし,city,municipality,,current,https://www.city.sunagawa.hokkaido.jp/,https://www.pref.hokkaido.lg.jp/link/shichoson/index.html
jp-01227,01,012270,歌志内市,うたしないし,city,municipality,,current,https://www.city.utashinai.hokkaido.jp/,https://www.pref.hokkaido.lg.jp/link/shichoson/index.html
jp-01228,01,012289,深川市,ふかがわし,city,municipality,,current,https://www.city.fukagawa.lg.jp/,https://www.pref.hokkaido.lg.jp/link/shichoson/index.html
jp-01229,01,012297,富良野市,ふらのし,city,municipality,,current,https://www.city.furano.hokkaido.jp/,https://www.pref.hokkaido.lg.jp/link/shichoson/index.html
jp-01230,01,012300,登別市,のぼりべつし,city,municipality,,current,https://www.city.noboribetsu.lg.jp/,https://www.pref.hokkaido.lg.jp/link/shichoson/index.html
jp-01231,01,012319,恵庭市,えにわし,city,municipality,,current,https://www.city.eniwa.hokkaido.jp/,https://www.pref.hokkaido.lg.jp/link/shichoson/index.html
jp-01233,01,012335,伊達市,だてし,city,municipality,,current,https://www.city.date.hokkaido.jp/,https://www.pref.hokkaido.lg.jp/link/shichoson/index.html
jp-01234,01,012343,北広島市,きたひろしまし,city,municipality,,current,https://www.city.kitahiroshima.hokkaido.jp/,https://www.pref.hokkaido.lg.jp/link/shichoson/index.html
jp-01235,01,012351,石狩市,いしかりし,city,municipality,,current,https://www.city.ishikari.hokkaido.jp/,https://www.pref.hokkaido.lg.jp/link/shichoson/index.html
jp-01236,01,012360,北斗市,ほくとし,city,municipality,,current,https://www.city.hokuto.hokkaido.jp/,https://www.pref.hokkaido.lg.jp/link/shichoson/index.html
jp-01303,01,013030,当別町,とうべつちょう,town,municipality,,current,https://www.town.tobetsu.hokkaido.jp/,https://www.pref.hokkaido.lg.jp/link/shichoson/index.html
jp-01304,01,013048,新篠津村,しんしのつむら,village,municipality,,current,https://www.vill.shinshinotsu.hokkaido.jp/,https://www.pref.hokkaido.lg.jp/link/shichoson/index.html
jp-01331,01,013315,松前町,まつまえちょう,town,municipality,,current,https://www.town.matsumae.hokkaido.jp/,https://www.pref.hokkaido.lg.jp/link/shichoson/index.html
jp-01332,01,013323,福島町,ふくしまちょう,town,municipality,,current,https://www.town.fukushima.hokkaido.jp/,https://www.pref.hokkaido.lg.jp/link/shichoson/index.html
jp-01333,01,013331,知内町,しりうちちょう,town,municipality,,current,https://www.town.shiriuchi.hokkaido.jp/,https://www.pref.hokkaido.lg.jp/link/shichoson/index.html
jp-01334,01,013340,木古内町,きこないちょう,town,municipality,,current,https://www.town.kikonai.hokkaido.jp/,https://www.pref.hokkaido.lg.jp/link/shichoson/index.html
jp-01337,01,013374,七飯町,ななえちょう,town,municipality,,current,https://www.town.nanae.hokkaido.jp/,https://www.pref.hokkaido.lg.jp/link/shichoson/index.html
jp-01343,01,013439,鹿部町,しかべちょう,town,municipality,,current,https://www.town.shikabe.lg.jp/,https://www.pref.hokkaido.lg.jp/link/shichoson/index.html
jp-01345,01,013455,森町,もりまち,town,municipality,,current,https://www.town.hokkaido-mori.lg.jp/,https://www.pref.hokkaido.lg.jp/link/shichoson/index.html
jp-01346,01,013463,八雲町,やくもちょう,town,municipality,,current,https://www.town.yakumo.lg.jp/,https://www.pref.hokkaido.lg.jp/link/shichoson/index.html
jp-01347,01,013471,長万部町,おしゃまんべちょう,town,municipality,,current,https://www.town.oshamambe.lg.jp/,https://www.pref.hokkaido.lg.jp/link/shichoson/index.html
jp-01361,01,013617,江差町,えさしちょう,town,municipality,,current,https://www.hokkaido-esashi.jp/,https://www.pref.hokkaido.lg.jp/link/shichoson/index.html
jp-01362,01,013625,上ノ国町,かみのくにちょう,town,municipality,,current,https://www.town.kaminokuni.lg.jp/,https://www.pref.hokkaido.lg.jp/link/shichoson/index.html
jp-01363,01,013633,厚沢部町,あっさぶちょう,town,municipality,,current,https://www.town.assabu.lg.jp/,https://www.pref.hokkaido.lg.jp/link/shichoson/index.html
jp-01364,01,013641,乙部町,おとべちょう,town,municipality,,current,https://www.town.otobe.lg.jp/,https://www.pref.hokkaido.lg.jp/link/shichoson/index.html
jp-01367,01,013676,奥尻町,おくしりちょう,town,municipality,,current,https://www.town.okushiri.lg.jp/,https://www.pref.hokkaido.lg.jp/link/shichoson/index.html
jp-01370,01,013706,今金町,いまかねちょう,town,municipality,,current,https://www.town.imakane.lg.jp/,https://www.pref.hokkaido.lg.jp/link/shichoson/index.html
jp-01371,01,013714,せたな町,せたなちょう,town,municipality,,current,https://www.town.setana.lg.jp/,https://www.pref.hokkaido.lg.jp/link/shichoson/index.html
jp-01391,01,013919,島牧村,しままきむら,village,municipality,,current,https://www.vill.shimamaki.lg.jp/,https://www.pref.hokkaido.lg.jp/link/shichoson/index.html
jp-01392,01,013927,寿都町,すっつちょう,town,municipality,,current,https://www.town.suttu.lg.jp/,https://www.pref.hokkaido.lg.jp/link/shichoson/index.html
jp-01393,01,013935,黒松内町,くろまつないちょう,town,municipality,,current,https://www.kuromatsunai.com/,https://www.pref.hokkaido.lg.jp/link/shichoson/index.html
jp-01394,01,013943,蘭越町,らんこしちょう,town,municipality,,current,https://www.town.rankoshi.hokkaido.jp/,https://www.pref.hokkaido.lg.jp/link/shichoson/index.html
jp-01395,01,013951,ニセコ町,にせこちょう,town,municipality,,current,https://www.town.niseko.lg.jp/,https://www.pref.hokkaido.lg.jp/link/shichoson/index.html
jp-01396,01,013960,真狩村,まっかりむら,village,municipality,,current,https://www.vill.makkari.lg.jp/,https://www.pref.hokkaido.lg.jp/link/shichoson/index.html
jp-01397,01,013978,留寿都村,るすつむら,village,municipality,,current,https://www.vill.rusutsu.lg.jp/,https://www.pref.hokkaido.lg.jp/link/shichoson/index.html
jp-01398,01,013986,喜茂別町,きもべつちょう,town,municipality,,current,https://www.town.kimobetsu.hokkaido.jp/,https://www.pref.hokkaido.lg.jp/link/shichoson/index.html
jp-01399,01,013994,京極町,きょうごくちょう,town,municipality,,current,https://www.town-kyogoku.jp/,https://www.pref.hokkaido.lg.jp/link/shichoson/index.html
jp-01400,01,014001,倶知安町,くっちゃんちょう,town,municipality,,current,https://www.town.kutchan.hokkaido.jp/,https://www.pref.hokkaido.lg.jp/link/shichoson/index.html
jp-01401,01,014010,共和町,きょうわちょう,town,municipality,,current,https://www.town.kyowa.hokkaido.jp/,https://www.pref.hokkaido.lg.jp/link/shichoson/index.html
jp-01402,01,014028,岩内町,いわないちょう,town,municipality,,current,https://www.town.iwanai.hokkaido.jp/,https://www.pref.hokkaido.lg.jp/link/shichoson/index.html
jp-01403,01,014036,泊村,とまりむら,village,municipality,,current,https://www.vill.tomari.hokkaido.jp/,https://www.pref.hokkaido.lg.jp/link/shichoson/index.html
jp-01404,01,014044,神恵内村,かもえないむら,village,municipality,,current,https://www.vill.kamoenai.hokkaido.jp/,https://www.pref.hokkaido.lg.jp/link/shichoson/index.html
jp-01405,01,014052,積丹町,しゃこたんちょう,town,municipality,,current,https://www.town.shakotan.hokkaido.jp/,https://www.pref.hokkaido.lg.jp/link/shichoson/index.html
jp-01406,01,014060,古平町,ふるびらちょう,town,municipality,,current,https://www.town.furubira.lg.jp/,https://www.pref.hokkaido.lg.jp/link/shichoson/index.html
jp-01407,01,014079,仁木町,にきちょう,town,municipality,,current,https://www.town.niki.hokkaido.jp/,https://www.pref.hokkaido.lg.jp/link/shichoson/index.html
jp-01408,01,014087,余市町,よいちちょう,town,municipality,,current,https://www.town.yoichi.hokkaido.jp/,https://www.pref.hokkaido.lg.jp/link/shichoson/index.html
jp-01409,01,014095,赤井川村,あかいがわむら,village,municipality,,current,https://www.akaigawa.com/,https://www.pref.hokkaido.lg.jp/link/shichoson/index.html
jp-01423,01,014230,南幌町,なんぽろちょう,town,municipality,,current,https://www.town.nanporo.hokkaido.jp/,https://www.pref.hokkaido.lg.jp/link/shichoson/index.html
jp-01424,01,014249,奈井江町,ないえちょう,town,municipality,,current,https://www.town.naie.hokkaido.jp/,https://www.pref.hokkaido.lg.jp/link/shichoson/index.html
jp-01425,01,014257,上砂川町,かみすながわちょう,town,municipality,,current,https://town.kamisunagawa.hokkaido.jp/,https://www.pref.hokkaido.lg.jp/link/shichoson/index.html
jp-01427,01,014273,由仁町,ゆにちょう,town,municipality,,current,https://www.town.yuni.lg.jp/,https://www.pref.hokkaido.lg.jp/link/shichoson/index.html
jp-01428,01,014281,長沼町,ながぬまちょう,town,municipality,,current,https://www.maoi-net.jp/,https://www.pref.hokkaido.lg.jp/link/shichoson/index.html
jp-01429,01,014290,栗山町,くりやまちょう,town,municipality,,current,https://www.town.kuriyama.hokkaido.jp/,https://www.pref.hokkaido.lg.jp/link/shichoson/index.html
jp-01430,01,014303,月形町,つきがたちょう,town,municipality,,current,https://www.town.tsukigata.hokkaido.jp/,https://www.pref.hokkaido.lg.jp/link/shichoson/index.html
jp-01431,01,014311,浦臼町,うらうすちょう,town,municipality,,current,https://www.town.urausu.hokkaido.jp/,https://www.pref.hokkaido.lg.jp/link/shichoson/index.html
jp-01432,01,014320,新十津川町,しんとつかわちょう,town,municipality,,current,https://www.town.shintotsukawa.lg.jp/,https://www.pref.hokkaido.lg.jp/link/shichoson/index.html
jp-01433,01,014338,妹背牛町,もせうしちょう,town,municipality,,current,https://www.town.moseushi.hokkaido.jp/,https://www.pref.hokkaido.lg.jp/link/shichoson/index.html
jp-01434,01,014346,秩父別町,ちっぷべつちょう,town,municipality,,current,https://www.town.chippubetsu.hokkaido.jp/,https://www.pref.hokkaido.lg.jp/link/shichoson/index.html
jp-01436,01,014362,雨竜町,うりゅうちょう,town,municipality,,current,https://www.town.uryu.hokkaido.jp/,https://www.pref.hokkaido.lg.jp/link/shichoson/index.html
jp-01437,01,014370,北竜町,ほくりゅうちょう,town,municipality,,current,https://www.town.hokuryu.hokkaido.jp/,https://www.pref.hokkaido.lg.jp/link/shichoson/index.html
jp-01438,01,014389,沼田町,ぬまたちょう,town,municipality,,current,https://www.town.numata.hokkaido.jp/,https://www.pref.hokkaido.lg.jp/link/shichoson/index.html
jp-01452,01,014524,鷹栖町,たかすちょう,town,municipality,,current,https://www.town.takasu.hokkaido.jp/,https://www.pref.hokkaido.lg.jp/link/shichoson/index.html
jp-01453,01,014532,東神楽町,ひがしかぐらちょう,town,municipality,,current,https://www.town.higashikagura.lg.jp/,https://www.pref.hokkaido.lg.jp/link/shichoson/index.html
jp-01454,01,014540,当麻町,とうまちょう,town,municipality,,current,https://town.tohma.hokkaido.jp/,https://www.pref.hokkaido.lg.jp/link/shichoson/index.html
jp-01455,01,014559,比布町,ぴっぷちょう,town,municipality,,current,https://www.town.pippu.hokkaido.jp/,https://www.pref.hokkaido.lg.jp/link/shichoson/index.html
jp-01456,01,014567,愛別町,あいべつちょう,town,municipality,,current,https://www.town.aibetsu.hokkaido.jp/,https://www.pref.hokkaido.lg.jp/link/shichoson/index.html
jp-01457,01,014575,上川町,かみかわちょう,town,municipality,,current,https://www.town.hokkaido-kamikawa.lg.jp/,https://www.pref.hokkaido.lg.jp/link/shichoson/index.html
jp-01458,01,014583,東川町,ひがしかわちょう,town,municipality,,current,https://town.higashikawa.hokkaido.jp/,https://www.pref.hokkaido.lg.jp/link/shichoson/index.html
jp-01459,01,014591,美瑛町,びえいちょう,town,municipality,,current,https://town.biei.hokkaido.jp/,https://www.pref.hokkaido.lg.jp/link/shichoson/index.html
jp-01460,01,014605,上富良野町,かみふらのちょう,town,municipality,,current,https://www.town.kamifurano.hokkaido.jp/,https://www.pref.hokkaido.lg.jp/link/shichoson/index.html
jp-01461,01,014613,中富良野町,なかふらのちょう,town,municipality,,current,https://www.town.nakafurano.lg.jp/,https://www.pref.hokkaido.lg.jp/link/shichoson/index.html
jp-01462,01,014621,南富良野町,みなみふらのちょう,town,municipality,,current,https://www.town.minamifurano.hokkaido.jp/,https://www.pref.hokkaido.lg.jp/link/shichoson/index.html
jp-01463,01,014630,占冠村,しむかっぷむら,village,municipality,,current,https://www.vill.shimukappu.lg.jp/,https://www.pref.hokkaido.lg.jp/link/shichoson/index.html
jp-01464,01,014648,和寒町,わっさむちょう,town,municipality,,current,https://www.town.wassamu.hokkaido.jp/,https://www.pref.hokkaido.lg.jp/link/shichoson/index.html
jp-01465,01,014656,剣淵町,けんぶちちょう,town,municipality,,current,https://www.town.kembuchi.hokkaido.jp/,https://www.pref.hokkaido.lg.jp/link/shichoson/index.html
jp-01468,01,014680,下川町,しもかわちょう,town,municipality,,current,https://www.town.shimokawa.hokkaido.jp/,https://www.pref.hokkaido.lg.jp/link/shichoson/index.html
jp-01469,01,014699,美深町,びふかちょう,town,municipality,,current,https://www.town.bifuka.hokkaido.jp/,https://www.pref.hokkaido.lg.jp/link/shichoson/index.html
jp-01470,01,014702,音威子府村,おといねっぷむら,village,municipality,,current,https://www.vill.otoineppu.hokkaido.jp/,https://www.pref.hokkaido.lg.jp/link/shichoson/index.html
jp-01471,01,014710,中川町,なかがわちょう,town,municipality,,current,https://www.town.nakagawa.hokkaido.jp/,https://www.pref.hokkaido.lg.jp/link/shichoson/index.html
jp-01472,01,014729,幌加内町,ほろかないちょう,town,municipality,,current,https://www.town.horokanai.hokkaido.jp/,https://www.pref.hokkaido.lg.jp/link/shichoson/index.html
jp-01481,01,014818,増毛町,ましけちょう,town,municipality,,current,https://www.town.mashike.hokkaido.jp/,https://www.pref.hokkaido.lg.jp/link/shichoson/index.html
jp-01482,01,014826,小平町,おびらちょう,town,municipality,,current,https://www.town.obira.hokkaido.jp/,https://www.pref.hokkaido.lg.jp/link/shichoson/index.html
jp-01483,01,014834,苫前町,とままえちょう,town,municipality,,current,https://www.town.tomamae.lg.jp/,https://www.pref.hokkaido.lg.jp/link/shichoson/index.html
jp-01484,01,014842,羽幌町,はぼろちょう,town,municipality,,current,https://www.town.haboro.lg.jp/,https://www.pref.hokkaido.lg.jp/link/shichoson/index.html
jp-01485,01,014850,初山別村,しょさんべつむら,village,municipality,,current,https://www.vill.shosanbetsu.lg.jp/,https://www.pref.hokkaido.lg.jp/link/shichoson/index.html
jp-01486,01,014869,遠別町,えんべつちょう,town,municipality,,current,https://www.town.embetsu.hokkaido.jp/,https://www.pref.hokkaido.lg.jp/link/shichoson/index.html
jp-01487,01,014877,天塩町,てしおちょう,town,municipality,,current,https://www.teshiotown.hokkaido.jp/,https://www.pref.hokkaido.lg.jp/link/shichoson/index.html
jp-01511,01,015113,猿払村,さるふつむら,village,municipality,,current,https://www.vill.sarufutsu.hokkaido.jp/,https://www.pref.hokkaido.lg.jp/link/shichoson/index.html
jp-01512,01,015121,浜頓別町,はまとんべつちょう,town,municipality,,current,https://www.town.hamatonbetsu.hokkaido.jp/,https://www.pref.hokkaido.lg.jp/link/shichoson/index.html
jp-01513,01,015130,中頓別町,なかとんべつちょう,town,municipality,,current,https://www.town.nakatombetsu.hokkaido.jp/,https://www.pref.hokkaido.lg.jp/link/shichoson/index.html
jp-01514,01,015148,枝幸町,えさしちょう,town,municipality,,current,https://www.esashi.jp/,https://www.pref.hokkaido.lg.jp/link/shichoson/index.html
jp-01516,01,015164,豊富町,とよとみちょう,town,municipality,,current,https://www.town.toyotomi.hokkaido.jp/,https://www.pref.hokkaido.lg.jp/link/shichoson/index.html
jp-01517,01,015172,礼文町,れぶんちょう,town,municipality,,current,https://www.town.rebun.hokkaido.jp/,https://www.pref.hokkaido.lg.jp/link/shichoson/index.html
jp-01518,01,015180,利尻町,りしりちょう,town,municipality,,current,https://www.town.rishiri.hokkaido.jp/,https://www.pref.hokkaido.lg.jp/link/shichoson/index.html
jp-01519,01,015199,利尻富士町,りしりふじちょう,town,municipality,,current,https://www.town.rishirifuji.hokkaido.jp/rishirifuji/,https://www.pref.hokkaido.lg.jp/link/shichoson/index.html
jp-01520,01,015202,幌延町,ほろのべちょう,town,municipality,,current,https://www.town.horonobe.lg.jp/,https://www.pref.hokkaido.lg.jp/link/shichoson/index.html
jp-01543,01,015431,美幌町,びほろちょう,town,municipality,,current,https://www.town.bihoro.hokkaido.jp/,https://www.pref.hokkaido.lg.jp/link/shichoson/index.html
jp-01544,01,015440,津別町,つべつちょう,town,municipality,,current,https://www.town.tsubetsu.hokkaido.jp/,https://www.pref.hokkaido.lg.jp/link/shichoson/index.html
jp-01545,01,015458,斜里町,しゃりちょう,town,municipality,,current,https://www.town.shari.hokkaido.jp/,https://www.pref.hokkaido.lg.jp/link/shichoson/index.html
jp-01546,01,015466,清里町,きよさとちょう,town,municipality,,current,https://www.town.kiyosato.hokkaido.jp/,https://www.pref.hokkaido.lg.jp/link/shichoson/index.html
jp-01547,01,015474,小清水町,こしみずちょう,town,municipality,,current,https://www.town.koshimizu.hokkaido.jp/,https://www.pref.hokkaido.lg.jp/link/shichoson/index.html
jp-01549,01,015490,訓子府町,くんねっぷちょう,town,municipality,,current,https://www.town.kunneppu.hokkaido.jp/,https://www.pref.hokkaido.lg.jp/link/shichoson/index.html
jp-01550,01,015504,置戸町,おけとちょう,town,municipality,,current,https://www.town.oketo.hokkaido.jp/,https://www.pref.hokkaido.lg.jp/link/shichoson/index.html
jp-01552,01,015520,佐呂間町,さろまちょう,town,municipality,,current,https://www.town.saroma.hokkaido.jp/,https://www.pref.hokkaido.lg.jp/link/shichoson/index.html
jp-01555,01,015555,遠軽町,えんがるちょう,town,municipality,,current,https://engaru.jp/,https://www.pref.hokkaido.lg.jp/link/shichoson/index.html
jp-01559,01,015598,湧別町,ゆうべつちょう,town,municipality,,current,https://www.town.yubetsu.lg.jp/,https://www.pref.hokkaido.lg.jp/link/shichoson/index.html
jp-01560,01,015601,滝上町,たきのうえちょう,town,municipality,,current,https://town.takinoue.hokkaido.jp/,https://www.pref.hokkaido.lg.jp/link/shichoson/index.html
jp-01561,01,015610,興部町,おこっぺちょう,town,municipality,,current,https://www.town.okoppe.lg.jp/,https://www.pref.hokkaido.lg.jp/link/shichoson/index.html
jp-01562,01,015628,西興部村,にしおこっぺむら,village,municipality,,current,https://www.vill.nishiokoppe.lg.jp/,https://www.pref.hokkaido.lg.jp/link/shichoson/index.html
jp-01563,01,015636,雄武町,おうむちょう,town,municipality,,current,https://www.town.oumu.hokkaido.jp/,https://www.pref.hokkaido.lg.jp/link/shichoson/index.html
jp-01564,01,015644,大空町,おおぞらちょう,town,municipality,,current,https://www.town.ozora.hokkaido.jp/,https://www.pref.hokkaido.lg.jp/link/shichoson/index.html
jp-01571,01,015717,豊浦町,とようらちょう,town,municipality,,current,https://www.town.toyoura.hokkaido.jp/,https://www.pref.hokkaido.lg.jp/link/shichoson/index.html
jp-01575,01,015750,壮瞥町,そうべつちょう,town,municipality,,current,https://www.town.sobetsu.lg.jp/,https://www.pref.hokkaido.lg.jp/link/shichoson/index.html
jp-01578,01,015784,白老町,しらおいちょう,town,municipality,,current,https://www.town.shiraoi.hokkaido.jp/,https://www.pref.hokkaido.lg.jp/link/shichoson/index.html
jp-01581,01,015814,厚真町,あつまちょう,town,municipality,,current,https://www.town.atsuma.lg.jp/,https://www.pref.hokkaido.lg.jp/link/shichoson/index.html
jp-01584,01,015849,洞爺湖町,とうやこちょう,town,municipality,,current,https://www.town.toyako.hokkaido.jp/,https://www.pref.hokkaido.lg.jp/link/shichoson/index.html
jp-01585,01,015857,安平町,あびらちょう,town,municipality,,current,https://www.town.abira.lg.jp/,https://www.pref.hokkaido.lg.jp/link/shichoson/index.html
jp-01586,01,015865,むかわ町,むかわちょう,town,municipality,,current,https://www.town.mukawa.lg.jp/,https://www.pref.hokkaido.lg.jp/link/shichoson/index.html
jp-01601,01,016012,日高町,ひだかちょう,town,municipality,,current,https://www.town.hidaka.hokkaido.jp/,https://www.pref.hokkaido.lg.jp/link/shichoson/index.html
jp-01602,01,016020,平取町,びらとりちょう,town,municipality,,current,https://www.town.biratori.hokkaido.jp/,https://www.pref.hokkaido.lg.jp/link/shichoson/index.html
jp-01604,01,016047,新冠町,にいかっぷちょう,town,municipality,,current,https://www.niikappu.jp/,https://www.pref.hokkaido.lg.jp/link/shichoson/index.html
jp-01607,01,016071,浦河町,うらかわちょう,town,municipality,,current,https://www.town.urakawa.hokkaido.jp/,https://www.pref.hokkaido.lg.jp/link/shichoson/index.html
jp-01608,01,016080,様似町,さまにちょう,town,municipality,,current,https://www.samani.jp/,https://www.pref.hokkaido.lg.jp/link/shichoson/index.html
jp-01609,01,016098,えりも町,えりもちょう,town,municipality,,current,https://www.town.erimo.lg.jp/,https://www.pref.hokkaido.lg.jp/link/shichoson/index.html
jp-01610,01,016101,新ひだか町,しんひだかちょう,town,municipality,,current,https://www.shinhidaka-hokkaido.jp/,https://www.pref.hokkaido.lg.jp/link/shichoson/index.html
jp-01631,01,016314,音更町,おとふけちょう,town,municipality,,current,https://www.town.otofuke.hokkaido.jp/,https://www.pref.hokkaido.lg.jp/link/shichoson/index.html
jp-01632,01,016322,士幌町,しほろちょう,town,municipality,,current,https://www.shihoro.jp/,https://www.pref.hokkaido.lg.jp/link/shichoson/index.html
jp-01633,01,016330,上士幌町,かみしほろちょう,town,municipality,,current,https://www.kamishihoro.jp/,https://www.pref.hokkaido.lg.jp/link/shichoson/index.html
jp-01634,01,016349,鹿追町,しかおいちょう,town,municipality,,current,https://www.town.shikaoi.lg.jp/,https://www.pref.hokkaido.lg.jp/link/shichoson/index.html
jp-01635,01,016357,新得町,しんとくちょう,town,municipality,,current,https://www.shintoku-town.jp/,https://www.pref.hokkaido.lg.jp/link/shichoson/index.html
jp-01636,01,016365,清水町,しみずちょう,town,municipality,,current,https://www.town.shimizu.hokkaido.jp/,https://www.pref.hokkaido.lg.jp/link/shichoson/index.html
jp-01637,01,016373,芽室町,めむろちょう,town,municipality,,current,https://www.memuro.net/,https://www.pref.hokkaido.lg.jp/link/shichoson/index.html
jp-01638,01,016381,中札内村,なかさつないむら,village,municipality,,current,https://www.vill.nakasatsunai.hokkaido.jp/,https://www.pref.hokkaido.lg.jp/link/shichoson/index.html
jp-01639,01,016390,更別村,さらべつむら,village,municipality,,current,https://www.sarabetsu.jp/,https://www.pref.hokkaido.lg.jp/link/shichoson/index.html
jp-01641,01,016411,大樹町,たいきちょう,town,municipality,,current,https://www.town.taiki.hokkaido.jp/,https://www.pref.hokkaido.lg.jp/link/shichoson/index.html
jp-01642,01,016420,広尾町,ひろおちょう,town,municipality,,current,https://www.town.hiroo.lg.jp/,https://www.pref.hokkaido.lg.jp/link/shichoson/index.html
jp-01643,01,016438,幕別町,まくべつちょう,town,municipality,,current,https://www.town.makubetsu.lg.jp/,https://www.pref.hokkaido.lg.jp/link/shichoson/index.html
jp-01644,01,016446,池田町,いけだちょう,town,municipality,,current,https://www.town.hokkaido-ikeda.lg.jp/,https://www.pref.hokkaido.lg.jp/link/shichoson/index.html
jp-01645,01,016454,豊頃町,とよころちょう,town,municipality,,current,https://www.toyokoro.jp/,https://www.pref.hokkaido.lg.jp/link/shichoson/index.html
jp-01646,01,016462,本別町,ほんべつちょう,town,municipality,,current,https://www.town.honbetsu.hokkaido.jp/,https://www.pref.hokkaido.lg.jp/link/shichoson/index.html
jp-01647,01,016470,足寄町,あしょろちょう,town,municipality,,current,https://www.town.ashoro.hokkaido.jp/,https://www.pref.hokkaido.lg.jp/link/shichoson/index.html
jp-01648,01,016489,陸別町,りくべつちょう,town,municipality,,current,https://www.rikubetsu.jp/,https://www.pref.hokkaido.lg.jp/link/shichoson/index.html
jp-01649,01,016497,浦幌町,うらほろちょう,town,municipality,,current,https://www.urahoro.jp/,https://www.pref.hokkaido.lg.jp/link/shichoson/index.html
jp-01661,01,016616,釧路町,くしろちょう,town,municipality,,current,https://www.town.kushiro.lg.jp/,https://www.pref.hokkaido.lg.jp/link/shichoson/index.html
jp-01662,01,016624,厚岸町,あっけしちょう,town,municipality,,current,https://www.akkeshi-town.jp/,https://www.pref.hokkaido.lg.jp/link/shichoson/index.html
jp-01663,01,016632,浜中町,はまなかちょう,town,municipality,,current,https://www.townhamanaka.jp/,https://www.pref.hokkaido.lg.jp/link/shichoson/index.html
jp-01664,01,016640,標茶町,しべちゃちょう,town,municipality,,current,https://www.town.shibecha.hokkaido.jp/,https://www.pref.hokkaido.lg.jp/link/shichoson/index.html
jp-01665,01,016659,弟子屈町,てしかがちょう,town,municipality,,current,https://www.town.teshikaga.hokkaido.jp/,https://www.pref.hokkaido.lg.jp/link/shichoson/index.html
jp-01667,01,016675,鶴居村,つるいむら,village,municipality,,current,https://www.vill.tsurui.lg.jp/,https://www.pref.hokkaido.lg.jp/link/shichoson/index.html
jp-01668,01,016683,白糠町,しらぬかちょう,town,municipality,,current,https://www.town.shiranuka.lg.jp/,https://www.pref.hokkaido.lg.jp/link/shichoson/index.html
jp-01691,01,016918,別海町,べつかいちょう,town,municipality,,current,https://betsukai.jp/,https://www.pref.hokkaido.lg.jp/link/shichoson/index.html
jp-01692,01,016926,中標津町,なかしべつちょう,town,municipality,,current,https://www.nakashibetsu.jp/,https://www.pref.hokkaido.lg.jp/link/shichoson/index.html
jp-01693,01,016934,標津町,しべつちょう,town,municipality,,current,https://www.shibetsutown.jp/,https://www.pref.hokkaido.lg.jp/link/shichoson/index.html
jp-01694,01,016942,羅臼町,らうすちょう,town,municipality,,current,https://www.rausu-town.jp/,https://www.pref.hokkaido.lg.jp/link/shichoson/index.html
jp-01695,01,016950,色丹村,しこたんむら,village,special_territory,,current,,https://www.e-stat.go.jp/municipalities/cities/areacode?page=10
jp-01696,01,016969,泊村,とまりむら,village,special_territory,,current,,https://www.e-stat.go.jp/municipalities/cities/areacode?page=10
jp-01697,01,016977,留夜別村,るよべつむら,village,special_territory,,current,,https://www.e-stat.go.jp/municipalities/cities/areacode?page=10
jp-01698,01,016985,留別村,るべつむら,village,special_territory,,current,,https://www.e-stat.go.jp/municipalities/cities/areacode?page=10
jp-01699,01,016993,紗那村,しゃなむら,village,special_territory,,current,,https://www.e-stat.go.jp/municipalities/cities/areacode?page=10
jp-01700,01,017000,蘂取村,しべとろむら,village,special_territory,,current,,https://www.e-stat.go.jp/municipalities/cities/areacode?page=10
jp-02201,02,022012,青森市,あおもりし,city,municipality,,current,https://www.city.aomori.aomori.jp/,https://www.pref.aomori.lg.jp/soshiki/zaimu/shichoson/shichoson.html
jp-02202,02,022020,弘前市,ひろさきし,city,municipality,,current,https://www.city.hirosaki.aomori.jp/,https://www.pref.aomori.lg.jp/soshiki/zaimu/shichoson/shichoson.html
jp-02203,02,022039,八戸市,はちのへし,city,municipality,,current,https://www.city.hachinohe.aomori.jp/,https://www.pref.aomori.lg.jp/soshiki/zaimu/shichoson/shichoson.html
jp-02204,02,022047,黒石市,くろいしし,city,municipality,,current,https://www.city.kuroishi.aomori.jp/,https://www.pref.aomori.lg.jp/soshiki/zaimu/shichoson/shichoson.html
jp-02205,02,022055,五所川原市,ごしょがわらし,city,municipality,,current,https://www.city.goshogawara.lg.jp/,https://www.pref.aomori.lg.jp/soshiki/zaimu/shichoson/shichoson.html
jp-02206,02,022063,十和田市,とわだし,city,municipality,,current,https://www.city.towada.lg.jp/,https://www.pref.aomori.lg.jp/soshiki/zaimu/shichoson/shichoson.html
jp-02207,02,022071,三沢市,みさわし,city,municipality,,current,https://www.city.misawa.lg.jp/,https://www.pref.aomori.lg.jp/soshiki/zaimu/shichoson/shichoson.html
jp-02208,02,022080,むつ市,むつし,city,municipality,,current,https://www.city.mutsu.lg.jp/,https://www.pref.aomori.lg.jp/soshiki/zaimu/shichoson/shichoson.html
jp-02209,02,022098,つがる市,つがるし,city,municipality,,current,https://www.city.tsugaru.aomori.jp/,https://www.pref.aomori.lg.jp/soshiki/zaimu/shichoson/shichoson.html
jp-02210,02,022101,平川市,ひらかわし,city,municipality,,current,https://www.city.hirakawa.lg.jp/,https://www.pref.aomori.lg.jp/soshiki/zaimu/shichoson/shichoson.html
jp-02301,02,023019,平内町,ひらないまち,town,municipality,,current,https://www.town.hiranai.aomori.jp/,https://www.pref.aomori.lg.jp/soshiki/zaimu/shichoson/shichoson.html
jp-02303,02,023035,今別町,いまべつまち,town,municipality,,current,https://www.town.imabetsu.lg.jp/,https://www.pref.aomori.lg.jp/soshiki/zaimu/shichoson/shichoson.html
jp-02304,02,023043,蓬田村,よもぎたむら,village,municipality,,current,https://www.vill.yomogita.lg.jp/,https://www.pref.aomori.lg.jp/soshiki/zaimu/shichoson/shichoson.html
jp-02307,02,023078,外ヶ浜町,そとがはままち,town,municipality,,current,https://www.town.sotogahama.lg.jp/,https://www.pref.aomori.lg.jp/soshiki/zaimu/shichoson/shichoson.html
jp-02321,02,023213,鰺ヶ沢町,あじがさわまち,town,municipality,,current,https://www.town.ajigasawa.lg.jp/,https://www.pref.aomori.lg.jp/soshiki/zaimu/shichoson/shichoson.html
jp-02323,02,023230,深浦町,ふかうらまち,town,municipality,,current,https://www.town.fukaura.lg.jp/,https://www.pref.aomori.lg.jp/soshiki/zaimu/shichoson/shichoson.html
jp-02343,02,023434,西目屋村,にしめやむら,village,municipality,,current,https://www.nishimeya.jp/,https://www.pref.aomori.lg.jp/soshiki/zaimu/shichoson/shichoson.html
jp-02361,02,023612,藤崎町,ふじさきまち,town,municipality,,current,https://www.town.fujisaki.lg.jp/,https://www.pref.aomori.lg.jp/soshiki/zaimu/shichoson/shichoson.html
jp-02362,02,023620,大鰐町,おおわにまち,town,municipality,,current,https://www.town.owani.lg.jp/,https://www.pref.aomori.lg.jp/soshiki/zaimu/shichoson/shichoson.html
jp-02367,02,023671,田舎館村,いなかだてむら,village,municipality,,current,https://www.vill.inakadate.lg.jp/,https://www.pref.aomori.lg.jp/soshiki/zaimu/shichoson/shichoson.html
jp-02381,02,023817,板柳町,いたやなぎまち,town,municipality,,current,https://www.town.itayanagi.aomori.jp/,https://www.pref.aomori.lg.jp/soshiki/zaimu/shichoson/shichoson.html
jp-02384,02,023841,鶴田町,つるたまち,town,municipality,,current,https://www.town.tsuruta.lg.jp/,https://www.pref.aomori.lg.jp/soshiki/zaimu/shichoson/shichoson.html
jp-02387,02,023876,中泊町,なかどまりまち,town,municipality,,current,https://www.town.nakadomari.lg.jp/,https://www.pref.aomori.lg.jp/soshiki/zaimu/shichoson/shichoson.html
jp-02401,02,024015,野辺地町,のへじまち,town,municipality,,current,https://www.town.noheji.aomori.jp/,https://www.pref.aomori.lg.jp/soshiki/zaimu/shichoson/shichoson.html
jp-02402,02,024023,七戸町,しちのへまち,town,municipality,,current,https://www.town.shichinohe.lg.jp/,https://www.pref.aomori.lg.jp/soshiki/zaimu/shichoson/shichoson.html
jp-02405,02,024058,六戸町,ろくのへまち,town,municipality,,current,https://www.town.rokunohe.aomori.jp/,https://www.pref.aomori.lg.jp/soshiki/zaimu/shichoson/shichoson.html
jp-02406,02,024066,横浜町,よこはままち,town,municipality,,current,https://www.town.yokohama.lg.jp/,https://www.pref.aomori.lg.jp/soshiki/zaimu/shichoson/shichoson.html
jp-02408,02,024082,東北町,とうほくまち,town,municipality,,current,https://www.town.tohoku.lg.jp/,https://www.pref.aomori.lg.jp/soshiki/zaimu/shichoson/shichoson.html
jp-02411,02,024112,六ヶ所村,ろっかしょむら,village,municipality,,current,https://www.rokkasho.jp/,https://www.pref.aomori.lg.jp/soshiki/zaimu/shichoson/shichoson.html
jp-02412,02,024120,おいらせ町,おいらせちょう,town,municipality,,current,https://www.town.oirase.aomori.jp/,https://www.pref.aomori.lg.jp/soshiki/zaimu/shichoson/shichoson.html
jp-02423,02,024236,大間町,おおままち,town,municipality,,current,https://www.town.ooma.lg.jp/,https://www.pref.aomori.lg.jp/soshiki/zaimu/shichoson/shichoson.html
jp-02424,02,024244,東通村,ひがしどおりむら,village,municipality,,current,https://www.vill.higashidoori.lg.jp/,https://www.pref.aomori.lg.jp/soshiki/zaimu/shichoson/shichoson.html
jp-02425,02,024252,風間浦村,かざまうらむら,village,municipality,,current,https://www.kazamaura.jp/,https://www.pref.aomori.lg.jp/soshiki/zaimu/shichoson/shichoson.html
jp-02426,02,024260,佐井村,さいむら,village,municipality,,current,https://www.vill.sai.lg.jp/,https://www.pref.aomori.lg.jp/soshiki/zaimu/shichoson/shichoson.html
jp-02441,02,024414,三戸町,さんのへまち,town,municipality,,current,https://www.town.sannohe.aomori.jp/,https://www.pref.aomori.lg.jp/soshiki/zaimu/shichoson/shichoson.html
jp-02442,02,024422,五戸町,ごのへまち,town,municipality,,current,https://www.town.gonohe.aomori.jp/,https://www.pref.aomori.lg.jp/soshiki/zaimu/shichoson/shichoson.html
jp-02443,02,024430,田子町,たっこまち,town,municipality,,current,https://www.town.takko.lg.jp/,https://www.pref.aomori.lg.jp/soshiki/zaimu/shichoson/shichoson.html
jp-02445,02,024457,南部町,なんぶちょう,town,municipality,,current,https://www.town.aomori-nanbu.lg.jp/,https://www.pref.aomori.lg.jp/soshiki/zaimu/shichoson/shichoson.html
jp-02446,02,024465,階上町,はしかみちょう,town,municipality,,current,https://www.town.hashikami.lg.jp/,https://www.pref.aomori.lg.jp/soshiki/zaimu/shichoson/shichoson.html
jp-02450,02,024503,新郷村,しんごうむら,village,municipality,,current,https://www.vill.shingo.aomori.jp/,https://www.pref.aomori.lg.jp/soshiki/zaimu/shichoson/shichoson.html
jp-03201,03,032018,盛岡市,もりおかし,city,municipality,,current,https://www.city.morioka.iwate.jp/,https://www.pref.iwate.jp/kensei/toukei/toukei/1012206.html
jp-03202,03,032026,宮古市,みやこし,city,municipality,,current,https://www.city.miyako.iwate.jp/,https://www.pref.iwate.jp/kensei/toukei/toukei/1012206.html
jp-03203,03,032034,大船渡市,おおふなとし,city,municipality,,current,https://www.city.ofunato.iwate.jp/,https://www.pref.iwate.jp/kensei/toukei/toukei/1012206.html
jp-03205,03,032050,花巻市,はなまきし,city,municipality,,current,https://www.city.hanamaki.iwate.jp/,https://www.pref.iwate.jp/kensei/toukei/toukei/1012206.html
jp-03206,03,032069,北上市,きたかみし,city,municipality,,current,https://www.city.kitakami.iwate.jp/,https://www.pref.iwate.jp/kensei/toukei/toukei/1012206.html
jp-03207,03,032077,久慈市,くじし,city,municipality,,current,https://www.city.kuji.lg.jp/,https://www.pref.iwate.jp/kensei/toukei/toukei/1012206.html
jp-03208,03,032085,遠野市,とおのし,city,municipality,,current,https://www.city.tono.iwate.jp/,https://www.pref.iwate.jp/kensei/toukei/toukei/1012206.html
jp-03209,03,032093,一関市,いちのせきし,city,municipality,,current,https://www.city.ichinoseki.iwate.jp/,https://www.pref.iwate.jp/kensei/toukei/toukei/1012206.html
jp-03210,03,032107,陸前高田市,りくぜんたかたし,city,municipality,,current,https://www.city.rikuzentakata.iwate.jp/,https://www.pref.iwate.jp/kensei/toukei/toukei/1012206.html
jp-03211,03,032115,釜石市,かまいしし,city,municipality,,current,https://www.city.kamaishi.iwate.jp/,https://www.pref.iwate.jp/kensei/toukei/toukei/1012206.html
jp-03213,03,032131,二戸市,にのへし,city,municipality,,current,https://www.city.ninohe.lg.jp/,https://www.pref.iwate.jp/kensei/toukei/toukei/1012206.html
jp-03214,03,032140,八幡平市,はちまんたいし,city,municipality,,current,https://www.city.hachimantai.lg.jp/,https://www.pref.iwate.jp/kensei/toukei/toukei/1012206.html
jp-03215,03,032158,奥州市,おうしゅうし,city,municipality,,current,https://www.city.oshu.iwate.jp/,https://www.pref.iwate.jp/kensei/toukei/toukei/1012206.html
jp-03216,03,032166,滝沢市,たきざわし,city,municipality,,current,https://www.city.takizawa.iwate.jp/,https://www.pref.iwate.jp/kensei/toukei/toukei/1012206.html
jp-03301,03,033014,雫石町,しずくいしちょう,town,municipality,,current,https://www.town.shizukuishi.iwate.jp/,https://www.pref.iwate.jp/kensei/toukei/toukei/1012206.html
jp-03302,03,033022,葛巻町,くずまきまち,town,municipality,,current,https://www.town.kuzumaki.lg.jp/,https://www.pref.iwate.jp/kensei/toukei/toukei/1012206.html
jp-03303,03,033030,岩手町,いわてまち,town,municipality,,current,https://town.iwate.iwate.jp/,https://www.pref.iwate.jp/kensei/toukei/toukei/1012206.html
jp-03321,03,033219,紫波町,しわちょう,town,municipality,,current,https://www.town.shiwa.iwate.jp/,https://www.pref.iwate.jp/kensei/toukei/toukei/1012206.html
jp-03322,03,033227,矢巾町,やはばちょう,town,municipality,,current,https://www.town.yahaba.iwate.jp/,https://www.pref.iwate.jp/kensei/toukei/toukei/1012206.html
jp-03366,03,033669,西和賀町,にしわがまち,town,municipality,,current,https://www.town.nishiwaga.lg.jp/,https://www.pref.iwate.jp/kensei/toukei/toukei/1012206.html
jp-03381,03,033812,金ケ崎町,かねがさきちょう,town,municipality,,current,https://www.town.kanegasaki.iwate.jp/,https://www.pref.iwate.jp/kensei/toukei/toukei/1012206.html
jp-03402,03,034029,平泉町,ひらいずみちょう,town,municipality,,current,https://www.town.hiraizumi.iwate.jp/,https://www.pref.iwate.jp/kensei/toukei/toukei/1012206.html
jp-03441,03,034410,住田町,すみたちょう,town,municipality,,current,https://www.town.sumita.iwate.jp/,https://www.pref.iwate.jp/kensei/toukei/toukei/1012206.html
jp-03461,03,034614,大槌町,おおつちちょう,town,municipality,,current,https://www.town.otsuchi.iwate.jp/,https://www.pref.iwate.jp/kensei/toukei/toukei/1012206.html
jp-03482,03,034827,山田町,やまだまち,town,municipality,,current,https://www.town.yamada.iwate.jp/,https://www.pref.iwate.jp/kensei/toukei/toukei/1012206.html
jp-03483,03,034835,岩泉町,いわいずみちょう,town,municipality,,current,https://www.town.iwaizumi.lg.jp/,https://www.pref.iwate.jp/kensei/toukei/toukei/1012206.html
jp-03484,03,034843,田野畑村,たのはたむら,village,municipality,,current,https://www.vill.tanohata.iwate.jp/,https://www.pref.iwate.jp/kensei/toukei/toukei/1012206.html
jp-03485,03,034851,普代村,ふだいむら,village,municipality,,current,https://www.vill.fudai.iwate.jp/,https://www.pref.iwate.jp/kensei/toukei/toukei/1012206.html
jp-03501,03,035017,軽米町,かるまいまち,town,municipality,,current,https://www.town.karumai.iwate.jp/,https://www.pref.iwate.jp/kensei/toukei/toukei/1012206.html
jp-03503,03,035033,野田村,のだむら,village,municipality,,current,https://www.vill.noda.iwate.jp/,https://www.pref.iwate.jp/kensei/toukei/toukei/1012206.html
jp-03506,03,035068,九戸村,くのへむら,village,municipality,,current,https://www.vill.kunohe.iwate.jp/,https://www.pref.iwate.jp/kensei/toukei/toukei/1012206.html
jp-03507,03,035076,洋野町,ひろのちょう,town,municipality,,current,https://www.town.hirono.iwate.jp/,https://www.pref.iwate.jp/kensei/toukei/toukei/1012206.html
jp-03524,03,035246,一戸町,いちのへまち,town,municipality,,current,https://www.town.ichinohe.iwate.jp/,https://www.pref.iwate.jp/kensei/toukei/toukei/1012206.html
jp-04100,04,041009,仙台市,せんだいし,city,municipality,,current,https://www.city.sendai.jp/,https://www.pref.miyagi.jp/soshiki/kohou/link01.html
jp-04101,04,041017,青葉区,あおばく,administrative_ward,administrative_ward,仙台市,current,,https://www.e-stat.go.jp/municipalities/cities/areacode?page=14
jp-04102,04,041025,宮城野区,みやぎのく,administrative_ward,administrative_ward,仙台市,current,,https://www.e-stat.go.jp/municipalities/cities/areacode?page=14
jp-04103,04,041033,若林区,わかばやしく,administrative_ward,administrative_ward,仙台市,current,,https://www.e-stat.go.jp/municipalities/cities/areacode?page=14
jp-04104,04,041041,太白区,たいはくく,administrative_ward,administrative_ward,仙台市,current,,https://www.e-stat.go.jp/municipalities/cities/areacode?page=14
jp-04105,04,041050,泉区,いずみく,administrative_ward,administrative_ward,仙台市,current,,https://www.e-stat.go.jp/municipalities/cities/areacode?page=14
jp-04202,04,042021,石巻市,いしのまきし,city,municipality,,current,https://www.city.ishinomaki.lg.jp/,https://www.pref.miyagi.jp/soshiki/kohou/link01.html
jp-04203,04,042030,塩竈市,しおがまし,city,municipality,,current,https://www.city.shiogama.miyagi.jp/,https://www.pref.miyagi.jp/soshiki/kohou/link01.html
jp-04205,04,042056,気仙沼市,けせんぬまし,city,municipality,,current,https://www.kesennuma.miyagi.jp/,https://www.pref.miyagi.jp/soshiki/kohou/link01.html
jp-04206,04,042064,白石市,しろいしし,city,municipality,,current,https://www.city.shiroishi.miyagi.jp/,https://www.pref.miyagi.jp/soshiki/kohou/link01.html
jp-04207,04,042072,名取市,なとりし,city,municipality,,current,https://www.city.natori.miyagi.jp/,https://www.pref.miyagi.jp/soshiki/kohou/link01.html
jp-04208,04,042080,角田市,かくだし,city,municipality,,current,https://www.city.kakuda.lg.jp/,https://www.pref.miyagi.jp/soshiki/kohou/link01.html
jp-04209,04,042099,多賀城市,たがじょうし,city,municipality,,current,https://www.city.tagajo.miyagi.jp/,https://www.pref.miyagi.jp/soshiki/kohou/link01.html
jp-04211,04,042110,岩沼市,いわぬまし,city,municipality,,current,https://www.city.iwanuma.miyagi.jp/,https://www.pref.miyagi.jp/soshiki/kohou/link01.html
jp-04212,04,042129,登米市,とめし,city,municipality,,current,https://www.city.tome.miyagi.jp/,https://www.pref.miyagi.jp/soshiki/kohou/link01.html
jp-04213,04,042137,栗原市,くりはらし,city,municipality,,current,https://www.kuriharacity.jp/,https://www.pref.miyagi.jp/soshiki/kohou/link01.html
jp-04214,04,042145,東松島市,ひがしまつしまし,city,municipality,,current,https://www.city.higashimatsushima.miyagi.jp/,https://www.pref.miyagi.jp/soshiki/kohou/link01.html
jp-04215,04,042153,大崎市,おおさきし,city,municipality,,current,https://www.city.osaki.miyagi.jp/,https://www.pref.miyagi.jp/soshiki/kohou/link01.html
jp-04216,04,042161,富谷市,とみやし,city,municipality,,current,https://www.tomiya-city.miyagi.jp/,https://www.pref.miyagi.jp/soshiki/kohou/link01.html
jp-04301,04,043010,蔵王町,ざおうまち,town,municipality,,current,https://www.town.zao.miyagi.jp/,https://www.pref.miyagi.jp/soshiki/kohou/link01.html
jp-04302,04,043028,七ヶ宿町,しちかしゅくまち,town,municipality,,current,https://town.shichikashuku.miyagi.jp/,https://www.pref.miyagi.jp/soshiki/kohou/link01.html
jp-04321,04,043214,大河原町,おおがわらまち,town,municipality,,current,https://www.town.ogawara.miyagi.jp/,https://www.pref.miyagi.jp/soshiki/kohou/link01.html
jp-04322,04,043222,村田町,むらたまち,town,municipality,,current,https://www.town.murata.miyagi.jp/,https://www.pref.miyagi.jp/soshiki/kohou/link01.html
jp-04323,04,043230,柴田町,しばたまち,town,municipality,,current,https://www.town.shibata.miyagi.jp/,https://www.pref.miyagi.jp/soshiki/kohou/link01.html
jp-04324,04,043249,川崎町,かわさきまち,town,municipality,,current,https://www.town.kawasaki.miyagi.jp/,https://www.pref.miyagi.jp/soshiki/kohou/link01.html
jp-04341,04,043419,丸森町,まるもりまち,town,municipality,,current,https://www.town.marumori.miyagi.jp/,https://www.pref.miyagi.jp/soshiki/kohou/link01.html
jp-04361,04,043613,亘理町,わたりちょう,town,municipality,,current,https://www.town.watari.miyagi.jp/,https://www.pref.miyagi.jp/soshiki/kohou/link01.html
jp-04362,04,043621,山元町,やまもとちょう,town,municipality,,current,https://www.town.yamamoto.miyagi.jp/,https://www.pref.miyagi.jp/soshiki/kohou/link01.html
jp-04401,04,044016,松島町,まつしままち,town,municipality,,current,https://www.town.miyagi-matsushima.lg.jp/,https://www.pref.miyagi.jp/soshiki/kohou/link01.html
jp-04404,04,044040,七ヶ浜町,しちがはままち,town,municipality,,current,https://www.shichigahama.com/,https://www.pref.miyagi.jp/soshiki/kohou/link01.html
jp-04406,04,044067,利府町,りふちょう,town,municipality,,current,https://www.town.rifu.miyagi.jp/,https://www.pref.miyagi.jp/soshiki/kohou/link01.html
jp-04421,04,044210,大和町,たいわちょう,town,municipality,,current,https://www.town.taiwa.miyagi.jp/,https://www.pref.miyagi.jp/soshiki/kohou/link01.html
jp-04422,04,044229,大郷町,おおさとちょう,town,municipality,,current,https://www.town.miyagi-osato.lg.jp/,https://www.pref.miyagi.jp/soshiki/kohou/link01.html
jp-04424,04,044245,大衡村,おおひらむら,village,municipality,,current,https://www.village.ohira.miyagi.jp/,https://www.pref.miyagi.jp/soshiki/kohou/link01.html
jp-04444,04,044440,色麻町,しかまちょう,town,municipality,,current,https://www.town.shikama.miyagi.jp/,https://www.pref.miyagi.jp/soshiki/kohou/link01.html
jp-04445,04,044458,加美町,かみまち,town,municipality,,current,https://www.town.kami.miyagi.jp/,https://www.pref.miyagi.jp/soshiki/kohou/link01.html
jp-04501,04,045012,涌谷町,わくやちょう,town,municipality,,current,https://www.town.wakuya.miyagi.jp/,https://www.pref.miyagi.jp/soshiki/kohou/link01.html
jp-04505,04,045055,美里町,みさとまち,town,municipality,,current,https://www.town.misato.miyagi.jp/,https://www.pref.miyagi.jp/soshiki/kohou/link01.html
jp-04581,04,045810,女川町,おながわちょう,town,municipality,,current,https://www.town.onagawa.miyagi.jp/,https://www.pref.miyagi.jp/soshiki/kohou/link01.html
jp-04606,04,046060,南三陸町,みなみさんりくちょう,town,municipality,,current,https://www.town.minamisanriku.miyagi.jp/,https://www.pref.miyagi.jp/soshiki/kohou/link01.html
jp-05201,05,052019,秋田市,あきたし,city,municipality,,current,https://www.city.akita.lg.jp/,https://www.pref.akita.lg.jp/pages/archive/46079
jp-05202,05,052027,能代市,のしろし,city,municipality,,current,https://www.city.noshiro.lg.jp/,https://www.pref.akita.lg.jp/pages/archive/46079
jp-05203,05,052035,横手市,よこてし,city,municipality,,current,https://www.city.yokote.lg.jp/,https://www.pref.akita.lg.jp/pages/archive/46079
jp-05204,05,052043,大館市,おおだてし,city,municipality,,current,https://www.city.odate.lg.jp/,https://www.pref.akita.lg.jp/pages/archive/46079
jp-05206,05,052060,男鹿市,おがし,city,municipality,,current,https://www.city.oga.akita.jp/,https://www.pref.akita.lg.jp/pages/archive/46079
jp-05207,05,052078,湯沢市,ゆざわし,city,municipality,,current,https://www.city-yuzawa.jp/,https://www.pref.akita.lg.jp/pages/archive/46079
jp-05209,05,052094,鹿角市,かづのし,city,municipality,,current,https://www.city.kazuno.lg.jp/,https://www.pref.akita.lg.jp/pages/archive/46079
jp-05210,05,052108,由利本荘市,ゆりほんじょうし,city,municipality,,current,https://www.city.yurihonjo.lg.jp/,https://www.pref.akita.lg.jp/pages/archive/46079
jp-05211,05,052116,潟上市,かたがみし,city,municipality,,current,https://www.city.katagami.lg.jp/,https://www.pref.akita.lg.jp/pages/archive/46079
jp-05212,05,052124,大仙市,だいせんし,city,municipality,,current,https://www.city.daisen.lg.jp/,https://www.pref.akita.lg.jp/pages/archive/46079
jp-05213,05,052132,北秋田市,きたあきたし,city,municipality,,current,https://www.city.kitaakita.akita.jp/,https://www.pref.akita.lg.jp/pages/archive/46079
jp-05214,05,052140,にかほ市,にかほし,city,municipality,,current,https://www.city.nikaho.akita.jp/,https://www.pref.akita.lg.jp/pages/archive/46079
jp-05215,05,052159,仙北市,せんぼくし,city,municipality,,current,https://www.city.semboku.akita.jp/,https://www.pref.akita.lg.jp/pages/archive/46079
jp-05303,05,053031,小坂町,こさかまち,town,municipality,,current,https://www.town.kosaka.akita.jp/,https://www.pref.akita.lg.jp/pages/archive/46079
jp-05327,05,053279,上小阿仁村,かみこあにむら,village,municipality,,current,https://www.vill.kamikoani.akita.jp/,https://www.pref.akita.lg.jp/pages/archive/46079
jp-05346,05,053465,藤里町,ふじさとまち,town,municipality,,current,https://www.town.fujisato.akita.jp/,https://www.pref.akita.lg.jp/pages/archive/46079
jp-05348,05,053481,三種町,みたねちょう,town,municipality,,current,https://www.town.mitane.akita.jp/,https://www.pref.akita.lg.jp/pages/archive/46079
jp-05349,05,053490,八峰町,はっぽうちょう,town,municipality,,current,https://www.town.happo.lg.jp/,https://www.pref.akita.lg.jp/pages/archive/46079
jp-05361,05,053619,五城目町,ごじょうめまち,town,municipality,,current,https://www.town.gojome.akita.jp/,https://www.pref.akita.lg.jp/pages/archive/46079
jp-05363,05,053635,八郎潟町,はちろうがたまち,town,municipality,,current,https://www.town.hachirogata.akita.jp/,https://www.pref.akita.lg.jp/pages/archive/46079
jp-05366,05,053660,井川町,いかわまち,town,municipality,,current,https://www.town.ikawa.akita.jp/,https://www.pref.akita.lg.jp/pages/archive/46079
jp-05368,05,053686,大潟村,おおがたむら,village,municipality,,current,https://www.vill.ogata.akita.jp/,https://www.pref.akita.lg.jp/pages/archive/46079
jp-05434,05,054348,美郷町,みさとちょう,town,municipality,,current,https://www.town.misato.akita.jp/,https://www.pref.akita.lg.jp/pages/archive/46079
jp-05463,05,054631,羽後町,うごまち,town,municipality,,current,https://www.town.ugo.lg.jp/,https://www.pref.akita.lg.jp/pages/archive/46079
jp-05464,05,054640,東成瀬村,ひがしなるせむら,village,municipality,,current,https://vill.higashinaruse.lg.jp/,https://www.pref.akita.lg.jp/pages/archive/46079
jp-06201,06,062014,山形市,やまがたし,city,municipality,,current,https://www.city.yamagata-yamagata.lg.jp/,https://www.pref.yamagata.jp/020026/kensei/information/clink.html
jp-06202,06,062022,米沢市,よねざわし,city,municipality,,current,https://www.city.yonezawa.yamagata.jp/,https://www.pref.yamagata.jp/020026/kensei/information/clink.html
jp-06203,06,062030,鶴岡市,つるおかし,city,municipality,,current,https://www.city.tsuruoka.lg.jp/,https://www.pref.yamagata.jp/020026/kensei/information/clink.html
jp-06204,06,062049,酒田市,さかたし,city,municipality,,current,https://www.city.sakata.lg.jp/,https://www.pref.yamagata.jp/020026/kensei/information/clink.html
jp-06205,06,062057,新庄市,しんじょうし,city,municipality,,current,https://www.city.shinjo.yamagata.jp/,https://www.pref.yamagata.jp/020026/kensei/information/clink.html
jp-06206,06,062065,寒河江市,さがえし,city,municipality,,current,https://www.city.sagae.yamagata.jp/,https://www.pref.yamagata.jp/020026/kensei/information/clink.html
jp-06207,06,062073,上山市,かみのやまし,city,municipality,,current,https://www.city.kaminoyama.yamagata.jp/,https://www.pref.yamagata.jp/020026/kensei/information/clink.html
jp-06208,06,062081,村山市,むらやまし,city,municipality,,current,https://www.city.murayama.lg.jp/,https://www.pref.yamagata.jp/020026/kensei/information/clink.html
jp-06209,06,062090,長井市,ながいし,city,municipality,,current,https://www.city.nagai.yamagata.jp/,https://www.pref.yamagata.jp/020026/kensei/information/clink.html
jp-06210,06,062103,天童市,てんどうし,city,municipality,,current,https://www.city.tendo.yamagata.jp/,https://www.pref.yamagata.jp/020026/kensei/information/clink.html
jp-06211,06,062111,東根市,ひがしねし,city,municipality,,current,https://www.city.higashine.yamagata.jp/,https://www.pref.yamagata.jp/020026/kensei/information/clink.html
jp-06212,06,062120,尾花沢市,おばなざわし,city,municipality,,current,https://www.city.obanazawa.yamagata.jp/,https://www.pref.yamagata.jp/020026/kensei/information/clink.html
jp-06213,06,062138,南陽市,なんようし,city,municipality,,current,https://www.city.nanyo.yamagata.jp/,https://www.pref.yamagata.jp/020026/kensei/information/clink.html
jp-06301,06,063010,山辺町,やまのべまち,town,municipality,,current,https://www.town.yamanobe.yamagata.jp/,https://www.pref.yamagata.jp/020026/kensei/information/clink.html
jp-06302,06,063029,中山町,なかやままち,town,municipality,,current,https://www.town.nakayama.yamagata.jp/,https://www.pref.yamagata.jp/020026/kensei/information/clink.html
jp-06321,06,063215,河北町,かほくちょう,town,municipality,,current,https://www.town.kahoku.yamagata.jp/,https://www.pref.yamagata.jp/020026/kensei/information/clink.html
jp-06322,06,063223,西川町,にしかわまち,town,municipality,,current,https://www.town.nishikawa.yamagata.jp/,https://www.pref.yamagata.jp/020026/kensei/information/clink.html
jp-06323,06,063231,朝日町,あさひまち,town,municipality,,current,https://www.town.asahi.yamagata.jp/,https://www.pref.yamagata.jp/020026/kensei/information/clink.html
jp-06324,06,063240,大江町,おおえまち,town,municipality,,current,https://www.town.oe.yamagata.jp/,https://www.pref.yamagata.jp/020026/kensei/information/clink.html
jp-06341,06,063410,大石田町,おおいしだまち,town,municipality,,current,https://www.town.oishida.yamagata.jp/,https://www.pref.yamagata.jp/020026/kensei/information/clink.html
jp-06361,06,063614,金山町,かねやままち,town,municipality,,current,https://www.town.kaneyama.yamagata.jp/,https://www.pref.yamagata.jp/020026/kensei/information/clink.html
jp-06362,06,063622,最上町,もがみまち,town,municipality,,current,https://town.mogami.lg.jp/,https://www.pref.yamagata.jp/020026/kensei/information/clink.html
jp-06363,06,063630,舟形町,ふながたまち,town,municipality,,current,https://www.town.funagata.yamagata.jp/,https://www.pref.yamagata.jp/020026/kensei/information/clink.html
jp-06364,06,063649,真室川町,まむろがわまち,town,municipality,,current,https://www.town.mamurogawa.yamagata.jp/,https://www.pref.yamagata.jp/020026/kensei/information/clink.html
jp-06365,06,063657,大蔵村,おおくらむら,village,municipality,,current,https://www.vill.ohkura.yamagata.jp/,https://www.pref.yamagata.jp/020026/kensei/information/clink.html
jp-06366,06,063665,鮭川村,さけがわむら,village,municipality,,current,https://www.vill.sakegawa.yamagata.jp/,https://www.pref.yamagata.jp/020026/kensei/information/clink.html
jp-06367,06,063673,戸沢村,とざわむら,village,municipality,,current,https://www.vill.tozawa.yamagata.jp/,https://www.pref.yamagata.jp/020026/kensei/information/clink.html
jp-06381,06,063819,高畠町,たかはたまち,town,municipality,,current,https://www.town.takahata.yamagata.jp/,https://www.pref.yamagata.jp/020026/kensei/information/clink.html
jp-06382,06,063827,川西町,かわにしまち,town,municipality,,current,https://www.town.kawanishi.yamagata.jp/,https://www.pref.yamagata.jp/020026/kensei/information/clink.html
jp-06401,06,064017,小国町,おぐにまち,town,municipality,,current,https://www.town.oguni.yamagata.jp/,https://www.pref.yamagata.jp/020026/kensei/information/clink.html
jp-06402,06,064025,白鷹町,しらたかまち,town,municipality,,current,https://www.town.shirataka.lg.jp/,https://www.pref.yamagata.jp/020026/kensei/information/clink.html
jp-06403,06,064033,飯豊町,いいでまち,town,municipality,,current,https://www.town.iide.yamagata.jp/,https://www.pref.yamagata.jp/020026/kensei/information/clink.html
jp-06426,06,064262,三川町,みかわまち,town,municipality,,current,https://www.town.mikawa.yamagata.jp/,https://www.pref.yamagata.jp/020026/kensei/information/clink.html
jp-06428,06,064289,庄内町,しょうないまち,town,municipality,,current,https://www.town.shonai.lg.jp/,https://www.pref.yamagata.jp/020026/kensei/information/clink.html
jp-06461,06,064610,遊佐町,ゆざまち,town,municipality,,current,https://www.town.yuza.yamagata.jp/,https://www.pref.yamagata.jp/020026/kensei/information/clink.html
jp-07201,07,072010,福島市,ふくしまし,city,municipality,,current,https://www.city.fukushima.fukushima.jp/,https://www.pref.fukushima.lg.jp/sec/01010d/koho-chizu.html
jp-07202,07,072028,会津若松市,あいづわかまつし,city,municipality,,current,https://www.city.aizuwakamatsu.fukushima.jp/,https://www.pref.fukushima.lg.jp/sec/01010d/koho-chizu.html
jp-07203,07,072036,郡山市,こおりやまし,city,municipality,,current,https://www.city.koriyama.lg.jp/,https://www.pref.fukushima.lg.jp/sec/01010d/koho-chizu.html
jp-07204,07,072044,いわき市,いわきし,city,municipality,,current,https://www.city.iwaki.lg.jp/,https://www.pref.fukushima.lg.jp/sec/01010d/koho-chizu.html
jp-07205,07,072052,白河市,しらかわし,city,municipality,,current,https://www.city.shirakawa.fukushima.jp/,https://www.pref.fukushima.lg.jp/sec/01010d/koho-chizu.html
jp-07207,07,072079,須賀川市,すかがわし,city,municipality,,current,https://www.city.sukagawa.fukushima.jp/,https://www.pref.fukushima.lg.jp/sec/01010d/koho-chizu.html
jp-07208,07,072087,喜多方市,きたかたし,city,municipality,,current,https://www.city.kitakata.fukushima.jp/,https://www.pref.fukushima.lg.jp/sec/01010d/koho-chizu.html
jp-07209,07,072095,相馬市,そうまし,city,municipality,,current,https://www.city.soma.fukushima.jp/,https://www.pref.fukushima.lg.jp/sec/01010d/koho-chizu.html
jp-07210,07,072109,二本松市,にほんまつし,city,municipality,,current,https://www.city.nihonmatsu.lg.jp/,https://www.pref.fukushima.lg.jp/sec/01010d/koho-chizu.html
jp-07211,07,072117,田村市,たむらし,city,municipality,,current,https://www.city.tamura.lg.jp/,https://www.pref.fukushima.lg.jp/sec/01010d/koho-chizu.html
jp-07212,07,072125,南相馬市,みなみそうまし,city,municipality,,current,https://www.city.minamisoma.lg.jp/,https://www.pref.fukushima.lg.jp/sec/01010d/koho-chizu.html
jp-07213,07,072133,伊達市,だてし,city,municipality,,current,https://www.city.fukushima-date.lg.jp/,https://www.pref.fukushima.lg.jp/sec/01010d/koho-chizu.html
jp-07214,07,072141,本宮市,もとみやし,city,municipality,,current,https://www.city.motomiya.lg.jp/,https://www.pref.fukushima.lg.jp/sec/01010d/koho-chizu.html
jp-07301,07,073016,桑折町,こおりまち,town,municipality,,current,https://www.town.koori.fukushima.jp/,https://www.pref.fukushima.lg.jp/sec/01010d/koho-chizu.html
jp-07303,07,073032,国見町,くにみまち,town,municipality,,current,https://www.town.kunimi.fukushima.jp/,https://www.pref.fukushima.lg.jp/sec/01010d/koho-chizu.html
jp-07308,07,073083,川俣町,かわまたまち,town,municipality,,current,https://www.town.kawamata.lg.jp/,https://www.pref.fukushima.lg.jp/sec/01010d/koho-chizu.html
jp-07322,07,073229,大玉村,おおたまむら,village,municipality,,current,https://www.vill.otama.fukushima.jp/,https://www.pref.fukushima.lg.jp/sec/01010d/koho-chizu.html
jp-07342,07,073423,鏡石町,かがみいしまち,town,municipality,,current,https://www.town.kagamiishi.fukushima.jp/,https://www.pref.fukushima.lg.jp/sec/01010d/koho-chizu.html
jp-07344,07,073440,天栄村,てんえいむら,village,municipality,,current,https://www.vill.tenei.fukushima.jp/,https://www.pref.fukushima.lg.jp/sec/01010d/koho-chizu.html
jp-07362,07,073628,下郷町,しもごうまち,town,municipality,,current,https://www.town.shimogo.fukushima.jp/,https://www.pref.fukushima.lg.jp/sec/01010d/koho-chizu.html
jp-07364,07,073644,檜枝岐村,ひのえまたむら,village,municipality,,current,https://www.vill.hinoemata.lg.jp/,https://www.pref.fukushima.lg.jp/sec/01010d/koho-chizu.html
jp-07367,07,073679,只見町,ただみまち,town,municipality,,current,https://www.town.tadami.lg.jp/,https://www.pref.fukushima.lg.jp/sec/01010d/koho-chizu.html
jp-07368,07,073687,南会津町,みなみあいづまち,town,municipality,,current,https://www.town.minamiaizu.lg.jp/,https://www.pref.fukushima.lg.jp/sec/01010d/koho-chizu.html
jp-07402,07,074020,北塩原村,きたしおばらむら,village,municipality,,current,https://www.vill.kitashiobara.fukushima.jp/,https://www.pref.fukushima.lg.jp/sec/01010d/koho-chizu.html
jp-07405,07,074055,西会津町,にしあいづまち,town,municipality,,current,https://www.town.nishiaizu.fukushima.jp/,https://www.pref.fukushima.lg.jp/sec/01010d/koho-chizu.html
jp-07407,07,074071,磐梯町,ばんだいまち,town,municipality,,current,https://www.town.bandai.fukushima.jp/,https://www.pref.fukushima.lg.jp/sec/01010d/koho-chizu.html
jp-07408,07,074080,猪苗代町,いなわしろまち,town,municipality,,current,https://www.town.inawashiro.fukushima.jp/,https://www.pref.fukushima.lg.jp/sec/01010d/koho-chizu.html
jp-07421,07,074217,会津坂下町,あいづばんげまち,town,municipality,,current,https://www.town.aizubange.fukushima.jp/,https://www.pref.fukushima.lg.jp/sec/01010d/koho-chizu.html
jp-07422,07,074225,湯川村,ゆがわむら,village,municipality,,current,https://www.vill.yugawa.fukushima.jp/,https://www.pref.fukushima.lg.jp/sec/01010d/koho-chizu.html
jp-07423,07,074233,柳津町,やないづまち,town,municipality,,current,https://www.town.yanaizu.fukushima.jp/,https://www.pref.fukushima.lg.jp/sec/01010d/koho-chizu.html
jp-07444,07,074446,三島町,みしままち,town,municipality,,current,https://www.town.mishima.fukushima.jp/,https://www.pref.fukushima.lg.jp/sec/01010d/koho-chizu.html
jp-07445,07,074454,金山町,かねやままち,town,municipality,,current,https://www.town.kaneyama.fukushima.jp/,https://www.pref.fukushima.lg.jp/sec/01010d/koho-chizu.html
jp-07446,07,074462,昭和村,しょうわむら,village,municipality,,current,https://www.vill.showa.fukushima.jp/,https://www.pref.fukushima.lg.jp/sec/01010d/koho-chizu.html
jp-07447,07,074470,会津美里町,あいづみさとまち,town,municipality,,current,https://www.town.aizumisato.fukushima.jp/,https://www.pref.fukushima.lg.jp/sec/01010d/koho-chizu.html
jp-07461,07,074616,西郷村,にしごうむら,village,municipality,,current,https://www.vill.nishigo.fukushima.jp/,https://www.pref.fukushima.lg.jp/sec/01010d/koho-chizu.html
jp-07464,07,074640,泉崎村,いずみざきむら,village,municipality,,current,https://www.vill.izumizaki.fukushima.jp/,https://www.pref.fukushima.lg.jp/sec/01010d/koho-chizu.html
jp-07465,07,074659,中島村,なかじまむら,village,municipality,,current,https://www.vill-nakajima.jp/,https://www.pref.fukushima.lg.jp/sec/01010d/koho-chizu.html
jp-07466,07,074667,矢吹町,やぶきまち,town,municipality,,current,https://www.town.yabuki.fukushima.jp/,https://www.pref.fukushima.lg.jp/sec/01010d/koho-chizu.html
jp-07481,07,074810,棚倉町,たなぐらまち,town,municipality,,current,https://www.town.tanagura.fukushima.jp/,https://www.pref.fukushima.lg.jp/sec/01010d/koho-chizu.html
jp-07482,07,074829,矢祭町,やまつりまち,town,municipality,,current,https://www.town.yamatsuri.fukushima.jp/,https://www.pref.fukushima.lg.jp/sec/01010d/koho-chizu.html
jp-07483,07,074837,塙町,はなわまち,town,municipality,,current,https://www.town.hanawa.fukushima.jp/,https://www.pref.fukushima.lg.jp/sec/01010d/koho-chizu.html
jp-07484,07,074845,鮫川村,さめがわむら,village,municipality,,current,https://www.vill.samegawa.fukushima.jp/,https://www.pref.fukushima.lg.jp/sec/01010d/koho-chizu.html
jp-07501,07,075019,石川町,いしかわまち,town,municipality,,current,https://www.town.ishikawa.fukushima.jp/,https://www.pref.fukushima.lg.jp/sec/01010d/koho-chizu.html
jp-07502,07,075027,玉川村,たまかわむら,village,municipality,,current,https://www.vill.tamakawa.fukushima.jp/,https://www.pref.fukushima.lg.jp/sec/01010d/koho-chizu.html
jp-07503,07,075035,平田村,ひらたむら,village,municipality,,current,https://www.vill.hirata.fukushima.jp/,https://www.pref.fukushima.lg.jp/sec/01010d/koho-chizu.html
jp-07504,07,075043,浅川町,あさかわまち,town,municipality,,current,https://www.town.asakawa.fukushima.jp/,https://www.pref.fukushima.lg.jp/sec/01010d/koho-chizu.html
jp-07505,07,075051,古殿町,ふるどのまち,town,municipality,,current,https://www.town.furudono.fukushima.jp/,https://www.pref.fukushima.lg.jp/sec/01010d/koho-chizu.html
jp-07521,07,075213,三春町,みはるまち,town,municipality,,current,https://www.town.miharu.fukushima.jp/,https://www.pref.fukushima.lg.jp/sec/01010d/koho-chizu.html
jp-07522,07,075221,小野町,おのまち,town,municipality,,current,https://www.town.ono.fukushima.jp/,https://www.pref.fukushima.lg.jp/sec/01010d/koho-chizu.html
jp-07541,07,075418,広野町,ひろのまち,town,municipality,,current,https://www.town.hirono.fukushima.jp/,https://www.pref.fukushima.lg.jp/sec/01010d/koho-chizu.html
jp-07542,07,075426,楢葉町,ならはまち,town,municipality,,current,https://www.town.naraha.lg.jp/,https://www.pref.fukushima.lg.jp/sec/01010d/koho-chizu.html
jp-07543,07,075434,富岡町,とみおかまち,town,municipality,,current,https://www.tomioka-town.jp/,https://www.pref.fukushima.lg.jp/sec/01010d/koho-chizu.html
jp-07544,07,075442,川内村,かわうちむら,village,municipality,,current,https://www.kawauchimura.jp/,https://www.pref.fukushima.lg.jp/sec/01010d/koho-chizu.html
jp-07545,07,075450,大熊町,おおくままち,town,municipality,,current,https://www.town.okuma.fukushima.jp/,https://www.pref.fukushima.lg.jp/sec/01010d/koho-chizu.html
jp-07546,07,075469,双葉町,ふたばまち,town,municipality,,current,https://www.town.fukushima-futaba.lg.jp/,https://www.pref.fukushima.lg.jp/sec/01010d/koho-chizu.html
jp-07547,07,075477,浪江町,なみえまち,town,municipality,,current,https://www.town.namie.fukushima.jp/,https://www.pref.fukushima.lg.jp/sec/01010d/koho-chizu.html
jp-07548,07,075485,葛尾村,かつらおむら,village,municipality,,current,https://www.katsurao.org/,https://www.pref.fukushima.lg.jp/sec/01010d/koho-chizu.html
jp-07561,07,075612,新地町,しんちまち,town,municipality,,current,https://www.shinchi-town.jp/,https://www.pref.fukushima.lg.jp/sec/01010d/koho-chizu.html
jp-07564,07,075647,飯舘村,いいたてむら,village,municipality,,current,https://www.vill.iitate.fukushima.jp/,https://www.pref.fukushima.lg.jp/sec/01010d/koho-chizu.html
jp-08201,08,082015,水戸市,みとし,city,municipality,,current,https://www.city.mito.lg.jp/,https://www.pref.ibaraki.jp/towns/
jp-08202,08,082023,日立市,ひたちし,city,municipality,,current,https://www.city.hitachi.lg.jp/,https://www.pref.ibaraki.jp/towns/
jp-08203,08,082031,土浦市,つちうらし,city,municipality,,current,https://www.city.tsuchiura.lg.jp/,https://www.pref.ibaraki.jp/towns/
jp-08204,08,082040,古河市,こがし,city,municipality,,current,https://www.city.ibaraki-koga.lg.jp/,https://www.pref.ibaraki.jp/towns/
jp-08205,08,082058,石岡市,いしおかし,city,municipality,,current,https://www.city.ishioka.lg.jp/,https://www.pref.ibaraki.jp/towns/
jp-08207,08,082074,結城市,ゆうきし,city,municipality,,current,https://www.city.yuki.lg.jp/,https://www.pref.ibaraki.jp/towns/
jp-08208,08,082082,龍ケ崎市,りゅうがさきし,city,municipality,,current,https://www.city.ryugasaki.ibaraki.jp/,https://www.pref.ibaraki.jp/towns/
jp-08210,08,082104,下妻市,しもつまし,city,municipality,,current,https://www.city.shimotsuma.lg.jp/,https://www.pref.ibaraki.jp/towns/
jp-08211,08,082112,常総市,じょうそうし,city,municipality,,current,https://www.city.joso.lg.jp/,https://www.pref.ibaraki.jp/towns/
jp-08212,08,082120,常陸太田市,ひたちおおたし,city,municipality,,current,https://www.city.hitachiota.ibaraki.jp/,https://www.pref.ibaraki.jp/towns/
jp-08214,08,082147,高萩市,たかはぎし,city,municipality,,current,https://www.city.takahagi.ibaraki.jp/,https://www.pref.ibaraki.jp/towns/
jp-08215,08,082155,北茨城市,きたいばらきし,city,municipality,,current,https://www.city.kitaibaraki.lg.jp/,https://www.pref.ibaraki.jp/towns/
jp-08216,08,082163,笠間市,かさまし,city,municipality,,current,https://www.city.kasama.lg.jp/,https://www.pref.ibaraki.jp/towns/
jp-08217,08,082171,取手市,とりでし,city,municipality,,current,https://www.city.toride.ibaraki.jp/,https://www.pref.ibaraki.jp/towns/
jp-08219,08,082198,牛久市,うしくし,city,municipality,,current,https://www.city.ushiku.lg.jp/,https://www.pref.ibaraki.jp/towns/
jp-08220,08,082201,つくば市,つくばし,city,municipality,,current,https://www.city.tsukuba.lg.jp/,https://www.pref.ibaraki.jp/towns/
jp-08221,08,082210,ひたちなか市,ひたちなかし,city,municipality,,current,https://www.city.hitachinaka.lg.jp/,https://www.pref.ibaraki.jp/towns/
jp-08222,08,082228,鹿嶋市,かしまし,city,municipality,,current,https://city.kashima.ibaraki.jp/,https://www.pref.ibaraki.jp/towns/
jp-08223,08,082236,潮来市,いたこし,city,municipality,,current,https://www.city.itako.lg.jp/,https://www.pref.ibaraki.jp/towns/
jp-08224,08,082244,守谷市,もりやし,city,municipality,,current,https://www.city.moriya.ibaraki.jp/,https://www.pref.ibaraki.jp/towns/
jp-08225,08,082252,常陸大宮市,ひたちおおみやし,city,municipality,,current,https://www.city.hitachiomiya.lg.jp/,https://www.pref.ibaraki.jp/towns/
jp-08226,08,082260,那珂市,なかし,city,municipality,,current,https://www.city.naka.lg.jp/,https://www.pref.ibaraki.jp/towns/
jp-08227,08,082279,筑西市,ちくせいし,city,municipality,,current,https://www.city.chikusei.lg.jp/,https://www.pref.ibaraki.jp/towns/
jp-08228,08,082287,坂東市,ばんどうし,city,municipality,,current,https://www.city.bando.lg.jp/,https://www.pref.ibaraki.jp/towns/
jp-08229,08,082295,稲敷市,いなしきし,city,municipality,,current,https://www.city.inashiki.lg.jp/,https://www.pref.ibaraki.jp/towns/
jp-08230,08,082309,かすみがうら市,かすみがうらし,city,municipality,,current,https://www.city.kasumigaura.lg.jp/,https://www.pref.ibaraki.jp/towns/
jp-08231,08,082317,桜川市,さくらがわし,city,municipality,,current,https://www.city.sakuragawa.lg.jp/,https://www.pref.ibaraki.jp/towns/
jp-08232,08,082325,神栖市,かみすし,city,municipality,,current,https://www.city.kamisu.ibaraki.jp/,https://www.pref.ibaraki.jp/towns/
jp-08233,08,082333,行方市,なめがたし,city,municipality,,current,https://www.city.namegata.ibaraki.jp/,https://www.pref.ibaraki.jp/towns/
jp-08234,08,082341,鉾田市,ほこたし,city,municipality,,current,https://www.city.hokota.lg.jp/,https://www.pref.ibaraki.jp/towns/
jp-08235,08,082350,つくばみらい市,つくばみらいし,city,municipality,,current,https://www.city.tsukubamirai.lg.jp/,https://www.pref.ibaraki.jp/towns/
jp-08236,08,082368,小美玉市,おみたまし,city,municipality,,current,https://www.city.omitama.lg.jp/,https://www.pref.ibaraki.jp/towns/
jp-08302,08,083020,茨城町,いばらきまち,town,municipality,,current,https://www.town.ibaraki.lg.jp/,https://www.pref.ibaraki.jp/towns/
jp-08309,08,083097,大洗町,おおあらいまち,town,municipality,,current,https://www.town.oarai.lg.jp/,https://www.pref.ibaraki.jp/towns/
jp-08310,08,083100,城里町,しろさとまち,town,municipality,,current,https://www.town.shirosato.lg.jp/,https://www.pref.ibaraki.jp/towns/
jp-08341,08,083410,東海村,とうかいむら,village,municipality,,current,https://www.vill.tokai.ibaraki.jp/index.html,https://www.pref.ibaraki.jp/towns/
jp-08364,08,083640,大子町,だいごまち,town,municipality,,current,https://www.town.daigo.ibaraki.jp/,https://www.pref.ibaraki.jp/towns/
jp-08442,08,084425,美浦村,みほむら,village,municipality,,current,https://www.vill.miho.lg.jp/,https://www.pref.ibaraki.jp/towns/
jp-08443,08,084433,阿見町,あみまち,town,municipality,,current,https://www.town.ami.lg.jp/,https://www.pref.ibaraki.jp/towns/
jp-08447,08,084476,河内町,かわちまち,town,municipality,,current,https://www.town.ibaraki-kawachi.lg.jp/,https://www.pref.ibaraki.jp/towns/
jp-08521,08,085219,八千代町,やちよまち,town,municipality,,current,https://www.town.ibaraki-yachiyo.lg.jp/,https://www.pref.ibaraki.jp/towns/
jp-08542,08,085421,五霞町,ごかまち,town,municipality,,current,https://www.town.goka.lg.jp/,https://www.pref.ibaraki.jp/towns/
jp-08546,08,085464,境町,さかいまち,town,municipality,,current,https://www.town.ibaraki-sakai.lg.jp/,https://www.pref.ibaraki.jp/towns/
jp-08564,08,085642,利根町,とねまち,town,municipality,,current,https://www.town.tone.ibaraki.jp/,https://www.pref.ibaraki.jp/towns/
jp-09201,09,092010,宇都宮市,うつのみやし,city,municipality,,current,https://www.city.utsunomiya.lg.jp/,https://www.city.utsunomiya.lg.jp/
jp-09202,09,092029,足利市,あしかがし,city,municipality,,current,https://www.city.ashikaga.tochigi.jp/,https://www.city.ashikaga.tochigi.jp/
jp-09203,09,092037,栃木市,とちぎし,city,municipality,,current,https://www.city.tochigi.lg.jp/,https://www.city.tochigi.lg.jp/
jp-09204,09,092045,佐野市,さのし,city,municipality,,current,https://www.city.sano.lg.jp/,https://www.city.sano.lg.jp/
jp-09205,09,092053,鹿沼市,かぬまし,city,municipality,,current,https://www.city.kanuma.tochigi.jp/,https://www.city.kanuma.tochigi.jp/
jp-09206,09,092061,日光市,にっこうし,city,municipality,,current,https://www.city.nikko.lg.jp/,https://www.e-stat.go.jp/municipalities/cities/areacode?page=24
jp-09208,09,092088,小山市,おやまし,city,municipality,,current,https://www.city.oyama.tochigi.jp/,https://www.city.oyama.tochigi.jp/
jp-09209,09,092096,真岡市,もおかし,city,municipality,,current,https://www.city.moka.lg.jp/,https://www.e-stat.go.jp/municipalities/cities/areacode?page=24
jp-09210,09,092100,大田原市,おおたわらし,city,municipality,,current,https://www.city.ohtawara.tochigi.jp/,https://www.e-stat.go.jp/municipalities/cities/areacode?page=24
jp-09211,09,092118,矢板市,やいたし,city,municipality,,current,https://www.city.yaita.tochigi.jp/,https://www.city.yaita.tochigi.jp/
jp-09213,09,092134,那須塩原市,なすしおばらし,city,municipality,,current,https://www.city.nasushiobara.tochigi.jp/,https://www.city.nasushiobara.tochigi.jp/
jp-09214,09,092142,さくら市,さくらし,city,municipality,,current,https://www.city.tochigi-sakura.lg.jp/,https://www.e-stat.go.jp/municipalities/cities/areacode?page=25
jp-09215,09,092150,那須烏山市,なすからすやまし,city,municipality,,current,https://www.city.nasukarasuyama.lg.jp/,https://www.city.nasukarasuyama.lg.jp/
jp-09216,09,092169,下野市,しもつけし,city,municipality,,current,https://www.city.shimotsuke.lg.jp/,https://www.city.shimotsuke.lg.jp/
jp-09301,09,093017,上三川町,かみのかわまち,town,municipality,,current,https://www.town.kaminokawa.lg.jp/,https://www.town.kaminokawa.lg.jp/
jp-09342,09,093424,益子町,ましこまち,town,municipality,,current,https://www.town.mashiko.lg.jp/,https://www.town.mashiko.lg.jp/
jp-09343,09,093432,茂木町,もてぎまち,town,municipality,,current,https://www.town.motegi.tochigi.jp/,https://www.town.motegi.tochigi.jp/
jp-09344,09,093440,市貝町,いちかいまち,town,municipality,,current,https://www.town.ichikai.tochigi.jp/,https://www.town.ichikai.tochigi.jp/
jp-09345,09,093459,芳賀町,はがまち,town,municipality,,current,https://www.town.tochigi-haga.lg.jp/,https://www.e-stat.go.jp/municipalities/cities/areacode?page=25
jp-09361,09,093610,壬生町,みぶまち,town,municipality,,current,https://www.town.mibu.tochigi.jp/,https://www.town.mibu.tochigi.jp/
jp-09364,09,093645,野木町,のぎまち,town,municipality,,current,https://www.town.nogi.lg.jp/,https://www.town.nogi.lg.jp/
jp-09384,09,093840,塩谷町,しおやまち,town,municipality,,current,https://www.town.shioya.tochigi.jp/,https://www.town.shioya.tochigi.jp/
jp-09386,09,093866,高根沢町,たかねざわまち,town,municipality,,current,https://www.town.takanezawa.tochigi.jp/,https://www.town.takanezawa.tochigi.jp/
jp-09407,09,094072,那須町,なすまち,town,municipality,,current,https://www.town.nasu.lg.jp/,https://www.town.nasu.lg.jp/
jp-09411,09,094110,那珂川町,なかがわまち,town,municipality,,current,https://www.town.tochigi-nakagawa.lg.jp/,https://www.e-stat.go.jp/municipalities/cities/areacode?page=25
jp-10201,10,102016,前橋市,まえばしし,city,municipality,,current,https://www.city.maebashi.gunma.jp/,https://www.city.maebashi.gunma.jp/
jp-10202,10,102024,高崎市,たかさきし,city,municipality,,current,https://www.city.takasaki.gunma.jp/,https://www.city.takasaki.gunma.jp/
jp-10203,10,102032,桐生市,きりゅうし,city,municipality,,current,https://www.city.kiryu.lg.jp/,https://www.e-stat.go.jp/municipalities/cities/areacode?page=25
jp-10204,10,102041,伊勢崎市,いせさきし,city,municipality,,current,https://www.city.isesaki.lg.jp/,https://www.city.isesaki.lg.jp/
jp-10205,10,102059,太田市,おおたし,city,municipality,,current,https://www.city.ota.gunma.jp/,https://www.e-stat.go.jp/municipalities/cities/areacode?page=26
jp-10206,10,102067,沼田市,ぬまたし,city,municipality,,current,https://www.city.numata.gunma.jp/,https://www.city.numata.gunma.jp/
jp-10207,10,102075,館林市,たてばやしし,city,municipality,,current,https://www.city.tatebayashi.gunma.jp/,https://www.city.tatebayashi.gunma.jp/
jp-10208,10,102083,渋川市,しぶかわし,city,municipality,,current,https://www.city.shibukawa.lg.jp/,https://www.city.shibukawa.lg.jp/
jp-10209,10,102091,藤岡市,ふじおかし,city,municipality,,current,https://www.city.fujioka.gunma.jp/,https://www.city.fujioka.gunma.jp/
jp-10210,10,102105,富岡市,とみおかし,city,municipality,,current,https://www.city.tomioka.lg.jp/,https://www.city.tomioka.lg.jp/
jp-10211,10,102113,安中市,あんなかし,city,municipality,,current,https://www.city.annaka.lg.jp/,https://www.city.annaka.lg.jp/
jp-10212,10,102121,みどり市,みどりし,city,municipality,,current,https://www.city.midori.gunma.jp/,https://www.city.midori.gunma.jp/
jp-10344,10,103446,榛東村,しんとうむら,village,municipality,,current,https://www.vill.shinto.gunma.jp/,https://www.e-stat.go.jp/municipalities/cities/areacode?page=26
jp-10345,10,103454,吉岡町,よしおかまち,town,municipality,,current,https://www.town.yoshioka.lg.jp/,https://www.town.yoshioka.lg.jp/
jp-10366,10,103667,上野村,うえのむら,village,municipality,,current,https://www.uenomura.jp/,https://www.e-stat.go.jp/municipalities/cities/areacode?page=26
jp-10367,10,103675,神流町,かんなまち,town,municipality,,current,https://www.town.kanna.gunma.jp/,https://www.town.kanna.gunma.jp/
jp-10382,10,103829,下仁田町,しもにたまち,town,municipality,,current,https://www.town.shimonita.lg.jp/,https://www.town.shimonita.lg.jp/
jp-10383,10,103837,南牧村,なんもくむら,village,municipality,,current,https://nanmoku.ne.jp/,https://www.e-stat.go.jp/municipalities/cities/areacode?page=26
jp-10384,10,103845,甘楽町,かんらまち,town,municipality,,current,https://www.town.kanra.lg.jp/,https://www.town.kanra.lg.jp/
jp-10421,10,104213,中之条町,なかのじょうまち,town,municipality,,current,https://www.town.nakanojo.gunma.jp/,https://www.e-stat.go.jp/municipalities/cities/areacode?page=26
jp-10424,10,104248,長野原町,ながのはらまち,town,municipality,,current,https://www.town.naganohara.gunma.jp/,https://www.town.naganohara.gunma.jp/
jp-10425,10,104256,嬬恋村,つまごいむら,village,municipality,,current,https://www.vill.tsumagoi.gunma.jp/,https://www.vill.tsumagoi.gunma.jp/
jp-10426,10,104264,草津町,くさつまち,town,municipality,,current,https://www.town.kusatsu.gunma.jp/,https://www.town.kusatsu.gunma.jp/
jp-10428,10,104281,高山村,たかやまむら,village,municipality,,current,https://vill.takayama.gunma.jp/,https://www.e-stat.go.jp/municipalities/cities/areacode?page=26
jp-10429,10,104299,東吾妻町,ひがしあがつままち,town,municipality,,current,https://www.town.higashiagatsuma.gunma.jp/,https://www.town.higashiagatsuma.gunma.jp/
jp-10443,10,104434,片品村,かたしなむら,village,municipality,,current,https://www.vill.katashina.gunma.jp/,https://www.vill.katashina.gunma.jp/
jp-10444,10,104442,川場村,かわばむら,village,municipality,,current,https://www.vill.kawaba.gunma.jp/,https://www.vill.kawaba.gunma.jp/
jp-10448,10,104485,昭和村,しょうわむら,village,municipality,,current,https://www.vill.showa.gunma.jp/,https://www.e-stat.go.jp/municipalities/cities/areacode?page=27
jp-10449,10,104493,みなかみ町,みなかみまち,town,municipality,,current,https://www.town.minakami.gunma.jp/,https://www.town.minakami.gunma.jp/
jp-10464,10,104647,玉村町,たまむらまち,town,municipality,,current,https://www.town.tamamura.lg.jp/,https://www.town.tamamura.lg.jp/
jp-10521,10,105210,板倉町,いたくらまち,town,municipality,,current,https://www.town.itakura.gunma.jp/,https://www.town.itakura.gunma.jp/
jp-10522,10,105228,明和町,めいわまち,town,municipality,,current,https://www.town.meiwa.gunma.jp/,https://www.town.meiwa.gunma.jp/
jp-10523,10,105236,千代田町,ちよだまち,town,municipality,,current,https://www.town.chiyoda.gunma.jp/,https://www.town.chiyoda.gunma.jp/
jp-10524,10,105244,大泉町,おおいずみまち,town,municipality,,current,https://www.town.oizumi.gunma.jp/,https://www.e-stat.go.jp/municipalities/cities/areacode?page=27
jp-10525,10,105252,邑楽町,おうらまち,town,municipality,,current,https://www.town.ora.gunma.jp/,https://www.e-stat.go.jp/municipalities/cities/areacode?page=27
jp-11100,11,111007,さいたま市,さいたまし,city,municipality,,current,https://www.city.saitama.jp/,https://www.city.saitama.lg.jp/
jp-11101,11,111015,西区,にしく,administrative_ward,administrative_ward,さいたま市,current,,https://www.e-stat.go.jp/municipalities/cities/areacode?page=27
jp-11102,11,111023,北区,きたく,administrative_ward,administrative_ward,さいたま市,current,,https://www.e-stat.go.jp/municipalities/cities/areacode?page=27
jp-11103,11,111031,大宮区,おおみやく,administrative_ward,administrative_ward,さいたま市,current,,https://www.e-stat.go.jp/municipalities/cities/areacode?page=27
jp-11104,11,111040,見沼区,みぬまく,administrative_ward,administrative_ward,さいたま市,current,,https://www.e-stat.go.jp/municipalities/cities/areacode?page=27
jp-11105,11,111058,中央区,ちゅうおうく,administrative_ward,administrative_ward,さいたま市,current,,https://www.e-stat.go.jp/municipalities/cities/areacode?page=27
jp-11106,11,111066,桜区,さくらく,administrative_ward,administrative_ward,さいたま市,current,,https://www.e-stat.go.jp/municipalities/cities/areacode?page=27
jp-11107,11,111074,浦和区,うらわく,administrative_ward,administrative_ward,さいたま市,current,,https://www.e-stat.go.jp/municipalities/cities/areacode?page=27
jp-11108,11,111082,南区,みなみく,administrative_ward,administrative_ward,さいたま市,current,,https://www.e-stat.go.jp/municipalities/cities/areacode?page=27
jp-11109,11,111090,緑区,みどりく,administrative_ward,administrative_ward,さいたま市,current,,https://www.e-stat.go.jp/municipalities/cities/areacode?page=28
jp-11110,11,111104,岩槻区,いわつきく,administrative_ward,administrative_ward,さいたま市,current,,https://www.e-stat.go.jp/municipalities/cities/areacode?page=28
jp-11201,11,112011,川越市,かわごえし,city,municipality,,current,https://www.city.kawagoe.saitama.jp/,https://www.city.kawagoe.saitama.jp/
jp-11202,11,112020,熊谷市,くまがやし,city,municipality,,current,https://www.city.kumagaya.lg.jp/,https://www.city.kumagaya.lg.jp/
jp-11203,11,112038,川口市,かわぐちし,city,municipality,,current,https://www.city.kawaguchi.lg.jp/,https://www.city.kawaguchi.lg.jp/
jp-11206,11,112062,行田市,ぎょうだし,city,municipality,,current,https://www.city.gyoda.lg.jp/,https://www.e-stat.go.jp/municipalities/cities/areacode?page=28
jp-11207,11,112070,秩父市,ちちぶし,city,municipality,,current,https://www.city.chichibu.lg.jp/,https://www.city.chichibu.lg.jp/
jp-11208,11,112089,所沢市,ところざわし,city,municipality,,current,https://www.city.tokorozawa.saitama.jp/,https://www.city.tokorozawa.saitama.jp/
jp-11209,11,112097,飯能市,はんのうし,city,municipality,,current,https://www.city.hanno.lg.jp/,https://www.e-stat.go.jp/municipalities/cities/areacode?page=28
jp-11210,11,112100,加須市,かぞし,city,municipality,,current,https://www.city.kazo.lg.jp/,https://www.city.kazo.lg.jp/
jp-11211,11,112119,本庄市,ほんじょうし,city,municipality,,current,https://www.city.honjo.lg.jp/,https://www.e-stat.go.jp/municipalities/cities/areacode?page=28
jp-11212,11,112127,東松山市,ひがしまつやまし,city,municipality,,current,https://www.city.higashimatsuyama.lg.jp/,https://www.city.higashimatsuyama.lg.jp/
jp-11214,11,112143,春日部市,かすかべし,city,municipality,,current,https://www.city.kasukabe.lg.jp/,https://www.city.kasukabe.lg.jp/
jp-11215,11,112151,狭山市,さやまし,city,municipality,,current,https://www.city.sayama.saitama.jp/,https://www.city.sayama.saitama.jp/
jp-11216,11,112160,羽生市,はにゅうし,city,municipality,,current,https://www.city.hanyu.lg.jp/,https://www.e-stat.go.jp/municipalities/cities/areacode?page=28
jp-11217,11,112178,鴻巣市,こうのすし,city,municipality,,current,https://www.city.kounosu.saitama.jp/,https://www.city.kounosu.saitama.jp/
jp-11218,11,112186,深谷市,ふかやし,city,municipality,,current,https://www.city.fukaya.saitama.jp/,https://www.city.fukaya.saitama.jp/
jp-11219,11,112194,上尾市,あげおし,city,municipality,,current,https://www.city.ageo.lg.jp/,https://www.city.ageo.lg.jp/
jp-11221,11,112216,草加市,そうかし,city,municipality,,current,https://www.city.soka.saitama.jp/,https://www.e-stat.go.jp/municipalities/cities/areacode?page=28
jp-11222,11,112224,越谷市,こしがやし,city,municipality,,current,https://www.city.koshigaya.saitama.jp/,https://www.city.koshigaya.saitama.jp/
jp-11223,11,112232,蕨市,わらびし,city,municipality,,current,https://www.city.warabi.saitama.jp/,https://www.city.warabi.saitama.jp/
jp-11224,11,112240,戸田市,とだし,city,municipality,,current,https://www.city.toda.saitama.jp/,https://www.city.toda.saitama.jp/
jp-11225,11,112259,入間市,いるまし,city,municipality,,current,https://www.city.iruma.saitama.jp/,https://www.city.iruma.saitama.jp/
jp-11227,11,112275,朝霞市,あさかし,city,municipality,,current,https://www.city.asaka.lg.jp/,https://www.city.asaka.lg.jp/
jp-11228,11,112283,志木市,しきし,city,municipality,,current,https://www.city.shiki.lg.jp/,https://www.city.shiki.lg.jp/
jp-11229,11,112291,和光市,わこうし,city,municipality,,current,https://www.city.wako.lg.jp/,https://www.e-stat.go.jp/municipalities/cities/areacode?page=29
jp-11230,11,112305,新座市,にいざし,city,municipality,,current,https://www.city.niiza.lg.jp/,https://www.city.niiza.lg.jp/
jp-11231,11,112313,桶川市,おけがわし,city,municipality,,current,https://www.city.okegawa.lg.jp/index.html,https://www.city.okegawa.lg.jp/
jp-11232,11,112321,久喜市,くきし,city,municipality,,current,https://www.city.kuki.lg.jp/,https://www.city.kuki.lg.jp/
jp-11233,11,112330,北本市,きたもとし,city,municipality,,current,https://www.city.kitamoto.lg.jp/index.html,https://www.city.kitamoto.lg.jp/
jp-11234,11,112348,八潮市,やしおし,city,municipality,,current,https://www.city.yashio.lg.jp/,https://www.city.yashio.lg.jp/
jp-11235,11,112356,富士見市,ふじみし,city,municipality,,current,https://www.city.fujimi.saitama.jp/,https://www.city.fujimi.saitama.jp/
jp-11237,11,112372,三郷市,みさとし,city,municipality,,current,https://www.city.misato.lg.jp/,https://www.city.misato.lg.jp/
jp-11238,11,112380,蓮田市,はすだし,city,municipality,,current,https://www.city.hasuda.saitama.jp/,https://www.city.hasuda.saitama.jp/
jp-11239,11,112399,坂戸市,さかどし,city,municipality,,current,https://www.city.sakado.lg.jp/,https://www.city.sakado.lg.jp/
jp-11240,11,112402,幸手市,さってし,city,municipality,,current,https://www.city.satte.lg.jp/,https://www.city.satte.lg.jp/
jp-11241,11,112410,鶴ヶ島市,つるがしまし,city,municipality,,current,https://www.city.tsurugashima.lg.jp/,https://www.city.tsurugashima.lg.jp/
jp-11242,11,112429,日高市,ひだかし,city,municipality,,current,https://www.city.hidaka.lg.jp/,https://www.city.hidaka.lg.jp/
jp-11243,11,112437,吉川市,よしかわし,city,municipality,,current,https://www.city.yoshikawa.saitama.jp/,https://www.city.yoshikawa.saitama.jp/
jp-11245,11,112453,ふじみ野市,ふじみのし,city,municipality,,current,https://www.city.fujimino.saitama.jp/,https://www.city.fujimino.saitama.jp/
jp-11246,11,112461,白岡市,しらおかし,city,municipality,,current,https://www.city.shiraoka.lg.jp/,https://www.city.shiraoka.lg.jp/
jp-11301,11,113018,伊奈町,いなまち,town,municipality,,current,https://www.town.saitama-ina.lg.jp/,https://www.e-stat.go.jp/municipalities/cities/areacode?page=30
jp-11324,11,113247,三芳町,みよしまち,town,municipality,,current,https://www.town.saitama-miyoshi.lg.jp/,https://www.e-stat.go.jp/municipalities/cities/areacode?page=30
jp-11326,11,113263,毛呂山町,もろやままち,town,municipality,,current,https://www.town.moroyama.saitama.jp/,https://www.e-stat.go.jp/municipalities/cities/areacode?page=30
jp-11327,11,113271,越生町,おごせまち,town,municipality,,current,https://www.town.ogose.saitama.jp/,https://www.town.ogose.saitama.jp/
jp-11341,11,113417,滑川町,なめがわまち,town,municipality,,current,https://www.town.namegawa.saitama.jp/,https://www.town.namegawa.saitama.jp/
jp-11342,11,113425,嵐山町,らんざんまち,town,municipality,,current,https://www.town.ranzan.saitama.jp/,https://www.town.ranzan.saitama.jp/
jp-11343,11,113433,小川町,おがわまち,town,municipality,,current,https://www.town.ogawa.saitama.jp/,https://www.town.ogawa.saitama.jp/
jp-11346,11,113468,川島町,かわじままち,town,municipality,,current,https://www.town.kawajima.saitama.jp/,https://www.town.kawajima.saitama.jp/
jp-11347,11,113476,吉見町,よしみまち,town,municipality,,current,https://www.town.yoshimi.saitama.jp/,https://www.town.yoshimi.saitama.jp/
jp-11348,11,113484,鳩山町,はとやままち,town,municipality,,current,https://www.town.hatoyama.saitama.jp/,https://www.town.hatoyama.saitama.jp/
jp-11349,11,113492,ときがわ町,ときがわまち,town,municipality,,current,https://www.town.tokigawa.lg.jp/,https://www.town.tokigawa.lg.jp/
jp-11361,11,113611,横瀬町,よこぜまち,town,municipality,,current,https://www.town.yokoze.saitama.jp/,https://www.town.yokoze.saitama.jp/
jp-11362,11,113620,皆野町,みなのまち,town,municipality,,current,https://www.town.minano.saitama.jp/,https://www.town.minano.saitama.jp/
jp-11363,11,113638,長瀞町,ながとろまち,town,municipality,,current,https://www.town.nagatoro.saitama.jp/,https://www.town.nagatoro.saitama.jp/
jp-11365,11,113654,小鹿野町,おがのまち,town,municipality,,current,https://www.town.ogano.lg.jp/,https://www.town.ogano.lg.jp/
jp-11369,11,113697,東秩父村,ひがしちちぶむら,village,municipality,,current,https://www.vill.higashichichibu.saitama.jp/,https://www.vill.higashichichibu.saitama.jp/
jp-11381,11,113816,美里町,みさとまち,town,municipality,,current,https://www.town.saitama-misato.lg.jp/,https://www.e-stat.go.jp/municipalities/cities/areacode?page=30
jp-11383,11,113832,神川町,かみかわまち,town,municipality,,current,https://www.town.kamikawa.saitama.jp/,https://www.town.kamikawa.saitama.jp/
jp-11385,11,113859,上里町,かみさとまち,town,municipality,,current,https://www.town.kamisato.saitama.jp/,https://www.town.kamisato.saitama.jp/
jp-11408,11,114081,寄居町,よりいまち,town,municipality,,current,https://www.town.yorii.saitama.jp/,https://www.town.yorii.saitama.jp/
jp-11442,11,114421,宮代町,みやしろまち,town,municipality,,current,https://www.town.miyashiro.lg.jp/,https://www.town.miyashiro.lg.jp/
jp-11464,11,114642,杉戸町,すぎとまち,town,municipality,,current,https://www.town.sugito.lg.jp/,https://www.town.sugito.lg.jp/
jp-11465,11,114650,松伏町,まつぶしまち,town,municipality,,current,https://www.town.matsubushi.lg.jp/,https://www.town.matsubushi.lg.jp/
jp-12100,12,121002,千葉市,ちばし,city,municipality,,current,https://www.city.chiba.jp/,https://www.e-stat.go.jp/municipalities/cities/areacode?page=31
jp-12101,12,121010,中央区,ちゅうおうく,administrative_ward,administrative_ward,千葉市,current,,https://www.e-stat.go.jp/municipalities/cities/areacode?page=31
jp-12102,12,121029,花見川区,はなみがわく,administrative_ward,administrative_ward,千葉市,current,,https://www.e-stat.go.jp/municipalities/cities/areacode?page=31
jp-12103,12,121037,稲毛区,いなげく,administrative_ward,administrative_ward,千葉市,current,,https://www.e-stat.go.jp/municipalities/cities/areacode?page=31
jp-12104,12,121045,若葉区,わかばく,administrative_ward,administrative_ward,千葉市,current,,https://www.e-stat.go.jp/municipalities/cities/areacode?page=31
jp-12105,12,121053,緑区,みどりく,administrative_ward,administrative_ward,千葉市,current,,https://www.e-stat.go.jp/municipalities/cities/areacode?page=31
jp-12106,12,121061,美浜区,みはまく,administrative_ward,administrative_ward,千葉市,current,,https://www.e-stat.go.jp/municipalities/cities/areacode?page=31
jp-12202,12,122025,銚子市,ちょうしし,city,municipality,,current,https://www.city.choshi.chiba.jp/,https://www.e-stat.go.jp/municipalities/cities/areacode?page=31
jp-12203,12,122033,市川市,いちかわし,city,municipality,,current,https://www.city.ichikawa.lg.jp/,https://www.city.ichikawa.lg.jp/
jp-12204,12,122041,船橋市,ふなばしし,city,municipality,,current,https://www.city.funabashi.lg.jp/,https://www.city.funabashi.lg.jp/
jp-12205,12,122050,館山市,たてやまし,city,municipality,,current,https://www.city.tateyama.chiba.jp/,https://www.city.tateyama.chiba.jp/
jp-12206,12,122068,木更津市,きさらづし,city,municipality,,current,https://www.city.kisarazu.lg.jp/,https://www.city.kisarazu.lg.jp/
jp-12207,12,122076,松戸市,まつどし,city,municipality,,current,https://www.city.matsudo.chiba.jp/,https://www.city.matsudo.chiba.jp/
jp-12208,12,122084,野田市,のだし,city,municipality,,current,https://www.city.noda.chiba.jp/,https://www.city.noda.chiba.jp/
jp-12210,12,122106,茂原市,もばらし,city,municipality,,current,https://www.city.mobara.chiba.jp/,https://www.city.mobara.chiba.jp/
jp-12211,12,122114,成田市,なりたし,city,municipality,,current,https://www.city.narita.chiba.jp/,https://www.city.narita.chiba.jp/
jp-12212,12,122122,佐倉市,さくらし,city,municipality,,current,https://www.city.sakura.lg.jp/,https://www.city.sakura.lg.jp/
jp-12213,12,122130,東金市,とうがねし,city,municipality,,current,https://www.city.togane.chiba.jp/,https://www.e-stat.go.jp/municipalities/cities/areacode?page=32
jp-12215,12,122157,旭市,あさひし,city,municipality,,current,https://www.city.asahi.lg.jp/,https://www.city.asahi.lg.jp/
jp-12216,12,122165,習志野市,ならしのし,city,municipality,,current,https://www.city.narashino.lg.jp/,https://www.city.narashino.lg.jp/
jp-12217,12,122173,柏市,かしわし,city,municipality,,current,https://www.city.kashiwa.lg.jp/,https://www.city.kashiwa.lg.jp/
jp-12218,12,122181,勝浦市,かつうらし,city,municipality,,current,https://www.city.katsuura.lg.jp/,https://www.city.katsuura.lg.jp/
jp-12219,12,122190,市原市,いちはらし,city,municipality,,current,https://www.city.ichihara.chiba.jp/,https://www.city.ichihara.chiba.jp/
jp-12220,12,122203,流山市,ながれやまし,city,municipality,,current,https://www.city.nagareyama.chiba.jp/,https://www.city.nagareyama.chiba.jp/
jp-12221,12,122211,八千代市,やちよし,city,municipality,,current,https://www.city.yachiyo.lg.jp/,https://www.city.yachiyo.lg.jp/
jp-12222,12,122220,我孫子市,あびこし,city,municipality,,current,https://www.city.abiko.chiba.jp/,https://www.city.abiko.chiba.jp/
jp-12223,12,122238,鴨川市,かもがわし,city,municipality,,current,https://www.city.kamogawa.lg.jp/,https://www.city.kamogawa.lg.jp/
jp-12224,12,122246,鎌ケ谷市,かまがやし,city,municipality,,current,https://www.city.kamagaya.chiba.jp/,https://www.city.kamagaya.chiba.jp/
jp-12225,12,122254,君津市,きみつし,city,municipality,,current,https://www.city.kimitsu.lg.jp/,https://www.city.kimitsu.lg.jp/
jp-12226,12,122262,富津市,ふっつし,city,municipality,,current,https://www.city.futtsu.lg.jp/,https://www.city.futtsu.lg.jp/
jp-12227,12,122270,浦安市,うらやすし,city,municipality,,current,https://www.city.urayasu.lg.jp/,https://www.city.urayasu.lg.jp/
jp-12228,12,122289,四街道市,よつかいどうし,city,municipality,,current,https://www.city.yotsukaido.chiba.jp/,https://www.e-stat.go.jp/municipalities/cities/areacode?page=32
jp-12229,12,122297,袖ケ浦市,そでがうらし,city,municipality,,current,https://www.city.sodegaura.lg.jp/,https://www.city.sodegaura.lg.jp/
jp-12230,12,122300,八街市,やちまたし,city,municipality,,current,https://www.city.yachimata.lg.jp/,https://www.city.yachimata.lg.jp/
jp-12231,12,122319,印西市,いんざいし,city,municipality,,current,https://www.city.inzai.lg.jp/,https://www.city.inzai.lg.jp/
jp-12232,12,122327,白井市,しろいし,city,municipality,,current,https://www.city.shiroi.chiba.jp/,https://www.city.shiroi.chiba.jp/
jp-12233,12,122335,富里市,とみさとし,city,municipality,,current,https://www.city.tomisato.lg.jp/,https://www.city.tomisato.lg.jp/
jp-12234,12,122343,南房総市,みなみぼうそうし,city,municipality,,current,https://www.city.minamiboso.chiba.jp/,https://www.e-stat.go.jp/municipalities/cities/areacode?page=33
jp-12235,12,122351,匝瑳市,そうさし,city,municipality,,current,https://www.city.sosa.lg.jp/,https://www.e-stat.go.jp/municipalities/cities/areacode?page=33
jp-12236,12,122360,香取市,かとりし,city,municipality,,current,https://www.city.katori.lg.jp/,https://www.city.katori.lg.jp/
jp-12237,12,122378,山武市,さんむし,city,municipality,,current,https://www.city.sammu.lg.jp/,https://www.e-stat.go.jp/municipalities/cities/areacode?page=33
jp-12238,12,122386,いすみ市,いすみし,city,municipality,,current,https://www.city.isumi.lg.jp/,https://www.city.isumi.lg.jp/
jp-12239,12,122394,大網白里市,おおあみしらさとし,city,municipality,,current,https://www.city.oamishirasato.lg.jp/,https://www.e-stat.go.jp/municipalities/cities/areacode?page=33
jp-12322,12,123226,酒々井町,しすいまち,town,municipality,,current,https://www.town.shisui.chiba.jp/,https://www.town.shisui.chiba.jp/
jp-12329,12,123293,栄町,さかえまち,town,municipality,,current,https://www.town.sakae.chiba.jp/index.html,https://www.town.sakae.chiba.jp/
jp-12342,12,123420,神崎町,こうざきまち,town,municipality,,current,https://www.town.kozaki.chiba.jp/,https://www.e-stat.go.jp/municipalities/cities/areacode?page=33
jp-12347,12,123471,多古町,たこまち,town,municipality,,current,https://www.town.tako.chiba.jp/,https://www.town.tako.chiba.jp/
jp-12349,12,123498,東庄町,とうのしょうまち,town,municipality,,current,https://www.town.tohnosho.chiba.jp/,https://www.e-stat.go.jp/municipalities/cities/areacode?page=33
jp-12403,12,124036,九十九里町,くじゅうくりまち,town,municipality,,current,https://www.town.kujukuri.chiba.jp/,https://www.e-stat.go.jp/municipalities/cities/areacode?page=33
jp-12409,12,124095,芝山町,しばやままち,town,municipality,,current,https://www.town.shibayama.lg.jp/,https://www.town.shibayama.lg.jp/
jp-12410,12,124109,横芝光町,よこしばひかりまち,town,municipality,,current,https://www.town.yokoshibahikari.chiba.jp/,https://www.town.yokoshibahikari.chiba.jp/
jp-12421,12,124214,一宮町,いちのみやまち,town,municipality,,current,https://www.town.ichinomiya.chiba.jp/,https://www.town.ichinomiya.chiba.jp/
jp-12422,12,124222,睦沢町,むつざわまち,town,municipality,,current,https://www.town.mutsuzawa.chiba.jp/,https://www.town.mutsuzawa.chiba.jp/
jp-12423,12,124230,長生村,ちょうせいむら,village,municipality,,current,https://www.vill.chosei.chiba.jp/index.html,https://www.e-stat.go.jp/municipalities/cities/areacode?page=33
jp-12424,12,124249,白子町,しらこまち,town,municipality,,current,https://www.town.shirako.lg.jp/,https://www.town.shirako.lg.jp/
jp-12426,12,124265,長柄町,ながらまち,town,municipality,,current,https://www.town.nagara.chiba.jp/,https://www.town.nagara.chiba.jp/
jp-12427,12,124273,長南町,ちょうなんまち,town,municipality,,current,https://www.town.chonan.chiba.jp/,https://www.e-stat.go.jp/municipalities/cities/areacode?page=34
jp-12441,12,124419,大多喜町,おおたきまち,town,municipality,,current,https://www.town.otaki.chiba.jp/,https://www.e-stat.go.jp/municipalities/cities/areacode?page=34
jp-12443,12,124435,御宿町,おんじゅくまち,town,municipality,,current,https://www.town.onjuku.chiba.jp/,https://www.town.onjuku.chiba.jp/
jp-12463,12,124630,鋸南町,きょなんまち,town,municipality,,current,https://www.town.kyonan.chiba.jp/,https://www.town.kyonan.chiba.jp/
jp-13100,13,131008,特別区部,とくべつくぶ,other,aggregate,,current,,https://www.e-stat.go.jp/municipalities/cities/areacode?page=34
jp-13101,13,131016,千代田区,ちよだく,special_ward,municipality,,current,https://www.city.chiyoda.lg.jp/,https://www.city.chiyoda.lg.jp/
jp-13102,13,131024,中央区,ちゅうおうく,special_ward,municipality,,current,,https://www.e-stat.go.jp/municipalities/cities/areacode?page=34
jp-13103,13,131032,港区,みなとく,special_ward,municipality,,current,https://www.city.minato.tokyo.jp/,https://www.city.minato.tokyo.jp/
jp-13104,13,131040,新宿区,しんじゅくく,special_ward,municipality,,current,https://www.city.shinjuku.lg.jp/,https://www.e-stat.go.jp/municipalities/cities/areacode?page=34
jp-13105,13,131059,文京区,ぶんきょうく,special_ward,municipality,,current,,https://www.e-stat.go.jp/municipalities/cities/areacode?page=34
jp-13106,13,131067,台東区,たいとうく,special_ward,municipality,,current,,https://www.e-stat.go.jp/municipalities/cities/areacode?page=34
jp-13107,13,131075,墨田区,すみだく,special_ward,municipality,,current,https://www.city.sumida.lg.jp/,https://www.city.sumida.lg.jp/
jp-13108,13,131083,江東区,こうとうく,special_ward,municipality,,current,,https://www.e-stat.go.jp/municipalities/cities/areacode?page=34
jp-13109,13,131091,品川区,しながわく,special_ward,municipality,,current,https://www.city.shinagawa.tokyo.jp/,https://www.city.shinagawa.tokyo.jp/
jp-13110,13,131105,目黒区,めぐろく,special_ward,municipality,,current,https://www.city.meguro.tokyo.jp/,https://www.city.meguro.tokyo.jp/
jp-13111,13,131113,大田区,おおたく,special_ward,municipality,,current,https://www.city.ota.tokyo.jp/,https://www.e-stat.go.jp/municipalities/cities/areacode?page=34
jp-13112,13,131121,世田谷区,せたがやく,special_ward,municipality,,current,https://www.city.setagaya.lg.jp/,https://www.e-stat.go.jp/municipalities/cities/areacode?page=34
jp-13113,13,131130,渋谷区,しぶやく,special_ward,municipality,,current,https://www.city.shibuya.tokyo.jp/,https://www.city.shibuya.tokyo.jp/
jp-13114,13,131148,中野区,なかのく,special_ward,municipality,,current,,https://www.e-stat.go.jp/municipalities/cities/areacode?page=34
jp-13115,13,131156,杉並区,すぎなみく,special_ward,municipality,,current,https://www.city.suginami.tokyo.jp/,https://www.city.suginami.tokyo.jp/
jp-13116,13,131164,豊島区,としまく,special_ward,municipality,,current,https://www.city.toshima.lg.jp/,https://www.city.toshima.lg.jp/
jp-13117,13,131172,北区,きたく,special_ward,municipality,,current,https://www.city.kita.lg.jp/,https://www.city.kita.lg.jp/
jp-13118,13,131180,荒川区,あらかわく,special_ward,municipality,,current,https://www.city.arakawa.tokyo.jp/,https://www.city.arakawa.tokyo.jp/
jp-13119,13,131199,板橋区,いたばしく,special_ward,municipality,,current,https://www.city.itabashi.tokyo.jp/,https://www.city.itabashi.tokyo.jp/
jp-13120,13,131202,練馬区,ねりまく,special_ward,municipality,,current,https://www.city.nerima.tokyo.jp/,https://www.city.nerima.tokyo.jp/
jp-13121,13,131210,足立区,あだちく,special_ward,municipality,,current,https://www.city.adachi.tokyo.jp/,https://www.e-stat.go.jp/municipalities/cities/areacode?page=35
jp-13122,13,131229,葛飾区,かつしかく,special_ward,municipality,,current,https://www.city.katsushika.lg.jp/,https://www.city.katsushika.lg.jp/
jp-13123,13,131237,江戸川区,えどがわく,special_ward,municipality,,current,https://www.city.edogawa.tokyo.jp/,https://www.e-stat.go.jp/municipalities/cities/areacode?page=35
jp-13201,13,132012,八王子市,はちおうじし,city,municipality,,current,https://www.city.hachioji.tokyo.jp/,https://www.e-stat.go.jp/municipalities/cities/areacode?page=35
jp-13202,13,132020,立川市,たちかわし,city,municipality,,current,https://www.city.tachikawa.lg.jp/,https://www.e-stat.go.jp/municipalities/cities/areacode?page=35
jp-13203,13,132039,武蔵野市,むさしのし,city,municipality,,current,https://www.city.musashino.lg.jp/,https://www.city.musashino.lg.jp/
jp-13204,13,132047,三鷹市,みたかし,city,municipality,,current,https://www.city.mitaka.lg.jp/,https://www.city.mitaka.lg.jp/
jp-13205,13,132055,青梅市,おうめし,city,municipality,,current,https://www.city.ome.tokyo.jp/,https://www.e-stat.go.jp/municipalities/cities/areacode?page=35
jp-13206,13,132063,府中市,ふちゅうし,city,municipality,,current,,https://www.e-stat.go.jp/municipalities/cities/areacode?page=35
jp-13207,13,132071,昭島市,あきしまし,city,municipality,,current,https://www.city.akishima.lg.jp/,https://www.city.akishima.lg.jp/
jp-13208,13,132080,調布市,ちょうふし,city,municipality,,current,,https://www.e-stat.go.jp/municipalities/cities/areacode?page=35
jp-13209,13,132098,町田市,まちだし,city,municipality,,current,https://www.city.machida.tokyo.jp/,https://www.e-stat.go.jp/municipalities/cities/areacode?page=35
jp-13210,13,132101,小金井市,こがねいし,city,municipality,,current,https://www.city.koganei.lg.jp/,https://www.city.koganei.lg.jp/
jp-13211,13,132110,小平市,こだいらし,city,municipality,,current,https://www.city.kodaira.tokyo.jp/,https://www.city.kodaira.tokyo.jp/
jp-13212,13,132128,日野市,ひのし,city,municipality,,current,https://www.city.hino.lg.jp/,https://www.city.hino.lg.jp/
jp-13213,13,132136,東村山市,ひがしむらやまし,city,municipality,,current,,https://www.e-stat.go.jp/municipalities/cities/areacode?page=36
jp-13214,13,132144,国分寺市,こくぶんじし,city,municipality,,current,https://www.city.kokubunji.tokyo.jp/,https://www.city.kokubunji.tokyo.jp/
jp-13215,13,132152,国立市,くにたちし,city,municipality,,current,https://www.city.kunitachi.tokyo.jp/,https://www.city.kunitachi.tokyo.jp/
jp-13218,13,132187,福生市,ふっさし,city,municipality,,current,https://www.city.fussa.tokyo.jp/,https://www.city.fussa.tokyo.jp/
jp-13219,13,132195,狛江市,こまえし,city,municipality,,current,https://www.city.komae.tokyo.jp/,https://www.city.komae.tokyo.jp/
jp-13220,13,132209,東大和市,ひがしやまとし,city,municipality,,current,https://www.city.higashiyamato.lg.jp/,https://www.city.higashiyamato.lg.jp/
jp-13221,13,132217,清瀬市,きよせし,city,municipality,,current,https://www.city.kiyose.lg.jp/,https://www.city.kiyose.lg.jp/
jp-13222,13,132225,東久留米市,ひがしくるめし,city,municipality,,current,https://www.city.higashikurume.lg.jp/,https://www.city.higashikurume.lg.jp/
jp-13223,13,132233,武蔵村山市,むさしむらやまし,city,municipality,,current,https://www.city.musashimurayama.lg.jp/,https://www.city.musashimurayama.lg.jp/
jp-13224,13,132241,多摩市,たまし,city,municipality,,current,https://www.city.tama.lg.jp/,https://www.city.tama.lg.jp/
jp-13225,13,132250,稲城市,いなぎし,city,municipality,,current,https://www.city.inagi.tokyo.jp/,https://www.city.inagi.tokyo.jp/
jp-13227,13,132276,羽村市,はむらし,city,municipality,,current,https://www.city.hamura.tokyo.jp/,https://www.city.hamura.tokyo.jp/
jp-13228,13,132284,あきる野市,あきるのし,city,municipality,,current,https://www.city.akiruno.tokyo.jp/,https://www.city.akiruno.tokyo.jp/
jp-13229,13,132292,西東京市,にしとうきょうし,city,municipality,,current,,https://www.e-stat.go.jp/municipalities/cities/areacode?page=36
jp-13303,13,133035,瑞穂町,みずほまち,town,municipality,,current,https://www.town.mizuho.tokyo.jp/,https://www.town.mizuho.tokyo.jp/
jp-13305,13,133051,日の出町,ひのでまち,town,municipality,,current,https://www.town.hinode.tokyo.jp/,https://www.town.hinode.tokyo.jp/
jp-13307,13,133078,檜原村,ひのはらむら,village,municipality,,current,https://www.vill.hinohara.tokyo.jp/,https://www.vill.hinohara.tokyo.jp/
jp-13308,13,133086,奥多摩町,おくたままち,town,municipality,,current,https://www.town.okutama.tokyo.jp/,https://www.e-stat.go.jp/municipalities/cities/areacode?page=36
jp-13361,13,133612,大島町,おおしままち,town,municipality,,current,,https://www.e-stat.go.jp/municipalities/cities/areacode?page=36
jp-13362,13,133620,利島村,としまむら,village,municipality,,current,,https://www.e-stat.go.jp/municipalities/cities/areacode?page=36
jp-13363,13,133639,新島村,にいじまむら,village,municipality,,current,,https://www.e-stat.go.jp/municipalities/cities/areacode?page=37
jp-13364,13,133647,神津島村,こうづしまむら,village,municipality,,current,https://www.vill.kouzushima.tokyo.jp/,https://www.vill.kouzushima.tokyo.jp/
jp-13381,13,133817,三宅村,みやけむら,village,municipality,,current,https://www.vill.miyake.tokyo.jp/,https://www.vill.miyake.tokyo.jp/
jp-13382,13,133825,御蔵島村,みくらじまむら,village,municipality,,current,,https://www.e-stat.go.jp/municipalities/cities/areacode?page=37
jp-13401,13,134015,八丈町,はちじょうまち,town,municipality,,current,,https://www.e-stat.go.jp/municipalities/cities/areacode?page=37
jp-13402,13,134023,青ヶ島村,あおがしまむら,village,municipality,,current,https://www.vill.aogashima.tokyo.jp/,https://www.vill.aogashima.tokyo.jp/
jp-13421,13,134210,小笠原村,おがさわらむら,village,municipality,,current,https://www.vill.ogasawara.tokyo.jp/,https://www.vill.ogasawara.tokyo.jp/
jp-14100,14,141003,横浜市,よこはまし,city,municipality,,current,https://www.city.yokohama.lg.jp/,https://www.e-stat.go.jp/municipalities/cities/areacode?page=37
jp-14101,14,141011,鶴見区,つるみく,administrative_ward,administrative_ward,横浜市,current,,https://www.e-stat.go.jp/municipalities/cities/areacode?page=37
jp-14102,14,141020,神奈川区,かながわく,administrative_ward,administrative_ward,横浜市,current,,https://www.e-stat.go.jp/municipalities/cities/areacode?page=37
jp-14103,14,141038,西区,にしく,administrative_ward,administrative_ward,横浜市,current,,https://www.e-stat.go.jp/municipalities/cities/areacode?page=37
jp-14104,14,141046,中区,なかく,administrative_ward,administrative_ward,横浜市,current,,https://www.e-stat.go.jp/municipalities/cities/areacode?page=37
jp-14105,14,141054,南区,みなみく,administrative_ward,administrative_ward,横浜市,current,,https://www.e-stat.go.jp/municipalities/cities/areacode?page=37
jp-14106,14,141062,保土ケ谷区,ほどがやく,administrative_ward,administrative_ward,横浜市,current,,https://www.e-stat.go.jp/municipalities/cities/areacode?page=37
jp-14107,14,141070,磯子区,いそごく,administrative_ward,administrative_ward,横浜市,current,,https://www.e-stat.go.jp/municipalities/cities/areacode?page=37
jp-14108,14,141089,金沢区,かなざわく,administrative_ward,administrative_ward,横浜市,current,,https://www.e-stat.go.jp/municipalities/cities/areacode?page=37
jp-14109,14,141097,港北区,こうほくく,administrative_ward,administrative_ward,横浜市,current,,https://www.e-stat.go.jp/municipalities/cities/areacode?page=37
jp-14110,14,141100,戸塚区,とつかく,administrative_ward,administrative_ward,横浜市,current,,https://www.e-stat.go.jp/municipalities/cities/areacode?page=37
jp-14111,14,141119,港南区,こうなんく,administrative_ward,administrative_ward,横浜市,current,,https://www.e-stat.go.jp/municipalities/cities/areacode?page=37
jp-14112,14,141127,旭区,あさひく,administrative_ward,administrative_ward,横浜市,current,,https://www.e-stat.go.jp/municipalities/cities/areacode?page=37
jp-14113,14,141135,緑区,みどりく,administrative_ward,administrative_ward,横浜市,current,,https://www.e-stat.go.jp/municipalities/cities/areacode?page=38
jp-14114,14,141143,瀬谷区,せやく,administrative_ward,administrative_ward,横浜市,current,,https://www.e-stat.go.jp/municipalities/cities/areacode?page=38
jp-14115,14,141151,栄区,さかえく,administrative_ward,administrative_ward,横浜市,current,,https://www.e-stat.go.jp/municipalities/cities/areacode?page=38
jp-14116,14,141160,泉区,いずみく,administrative_ward,administrative_ward,横浜市,current,,https://www.e-stat.go.jp/municipalities/cities/areacode?page=38
jp-14117,14,141178,青葉区,あおばく,administrative_ward,administrative_ward,横浜市,current,,https://www.e-stat.go.jp/municipalities/cities/areacode?page=38
jp-14118,14,141186,都筑区,つづきく,administrative_ward,administrative_ward,横浜市,current,,https://www.e-stat.go.jp/municipalities/cities/areacode?page=38
jp-14130,14,141305,川崎市,かわさきし,city,municipality,,current,https://www.city.kawasaki.jp/,https://www.e-stat.go.jp/municipalities/cities/areacode?page=38
jp-14131,14,141313,川崎区,かわさきく,administrative_ward,administrative_ward,川崎市,current,,https://www.e-stat.go.jp/municipalities/cities/areacode?page=38
jp-14132,14,141321,幸区,さいわいく,administrative_ward,administrative_ward,川崎市,current,,https://www.e-stat.go.jp/municipalities/cities/areacode?page=38
jp-14133,14,141330,中原区,なかはらく,administrative_ward,administrative_ward,川崎市,current,,https://www.e-stat.go.jp/municipalities/cities/areacode?page=38
jp-14134,14,141348,高津区,たかつく,administrative_ward,administrative_ward,川崎市,current,,https://www.e-stat.go.jp/municipalities/cities/areacode?page=38
jp-14135,14,141356,多摩区,たまく,administrative_ward,administrative_ward,川崎市,current,,https://www.e-stat.go.jp/municipalities/cities/areacode?page=38
jp-14136,14,141364,宮前区,みやまえく,administrative_ward,administrative_ward,川崎市,current,,https://www.e-stat.go.jp/municipalities/cities/areacode?page=38
jp-14137,14,141372,麻生区,あさおく,administrative_ward,administrative_ward,川崎市,current,,https://www.e-stat.go.jp/municipalities/cities/areacode?page=38
jp-14150,14,141500,相模原市,さがみはらし,city,municipality,,current,https://www.city.sagamihara.kanagawa.jp/,https://www.city.sagamihara.kanagawa.jp/
jp-14151,14,141518,緑区,みどりく,administrative_ward,administrative_ward,相模原市,current,,https://www.e-stat.go.jp/municipalities/cities/areacode?page=38
jp-14152,14,141526,中央区,ちゅうおうく,administrative_ward,administrative_ward,相模原市,current,,https://www.e-stat.go.jp/municipalities/cities/areacode?page=38
jp-14153,14,141534,南区,みなみく,administrative_ward,administrative_ward,相模原市,current,,https://www.e-stat.go.jp/municipalities/cities/areacode?page=38
jp-14201,14,142018,横須賀市,よこすかし,city,municipality,,current,https://www.city.yokosuka.kanagawa.jp/,https://www.city.yokosuka.kanagawa.jp/
jp-14203,14,142034,平塚市,ひらつかし,city,municipality,,current,https://www.city.hiratsuka.kanagawa.jp/,https://www.city.hiratsuka.kanagawa.jp/
jp-14204,14,142042,鎌倉市,かまくらし,city,municipality,,current,https://www.city.kamakura.kanagawa.jp/,https://www.city.kamakura.kanagawa.jp/
jp-14205,14,142050,藤沢市,ふじさわし,city,municipality,,current,https://www.city.fujisawa.kanagawa.jp/,https://www.city.fujisawa.kanagawa.jp/
jp-14206,14,142069,小田原市,おだわらし,city,municipality,,current,https://www.city.odawara.kanagawa.jp/,https://www.city.odawara.kanagawa.jp/
jp-14207,14,142077,茅ヶ崎市,ちがさきし,city,municipality,,current,https://www.city.chigasaki.kanagawa.jp/,https://www.city.chigasaki.kanagawa.jp/
jp-14208,14,142085,逗子市,ずしし,city,municipality,,current,https://www.city.zushi.kanagawa.jp/,https://www.city.zushi.kanagawa.jp/
jp-14210,14,142107,三浦市,みうらし,city,municipality,,current,https://www.city.miura.kanagawa.jp/,https://www.city.miura.kanagawa.jp/
jp-14211,14,142115,秦野市,はだのし,city,municipality,,current,https://www.city.hadano.kanagawa.jp/,https://www.city.hadano.kanagawa.jp/
jp-14212,14,142123,厚木市,あつぎし,city,municipality,,current,https://www.city.atsugi.kanagawa.jp/,https://www.city.atsugi.kanagawa.jp/
jp-14213,14,142131,大和市,やまとし,city,municipality,,current,https://www.city.yamato.lg.jp/,https://www.city.yamato.lg.jp/
jp-14214,14,142140,伊勢原市,いせはらし,city,municipality,,current,https://www.city.isehara.kanagawa.jp/,https://www.city.isehara.kanagawa.jp/
jp-14215,14,142158,海老名市,えびなし,city,municipality,,current,https://www.city.ebina.kanagawa.jp/,https://www.city.ebina.kanagawa.jp/
jp-14216,14,142166,座間市,ざまし,city,municipality,,current,https://www.city.zama.kanagawa.jp/,https://www.city.zama.kanagawa.jp/
jp-14217,14,142174,南足柄市,みなみあしがらし,city,municipality,,current,https://www.city.minamiashigara.kanagawa.jp/,https://www.city.minamiashigara.kanagawa.jp/
jp-14218,14,142182,綾瀬市,あやせし,city,municipality,,current,https://www.city.ayase.kanagawa.jp/,https://www.city.ayase.kanagawa.jp/
jp-14301,14,143014,葉山町,はやままち,town,municipality,,current,https://www.town.hayama.lg.jp/,https://www.town.hayama.lg.jp/
jp-14321,14,143219,寒川町,さむかわまち,town,municipality,,current,https://www.town.samukawa.kanagawa.jp/,https://www.town.samukawa.kanagawa.jp/
jp-14341,14,143413,大磯町,おおいそまち,town,municipality,,current,https://www.town.oiso.kanagawa.jp/,https://www.e-stat.go.jp/municipalities/cities/areacode?page=39
jp-14342,14,143421,二宮町,にのみやまち,town,municipality,,current,https://www.town.ninomiya.kanagawa.jp/,https://www.town.ninomiya.kanagawa.jp/
jp-14361,14,143618,中井町,なかいまち,town,municipality,,current,https://www.town.nakai.kanagawa.jp/,https://www.town.nakai.kanagawa.jp/
jp-14362,14,143626,大井町,おおいまち,town,municipality,,current,https://www.town.oi.kanagawa.jp/,https://www.e-stat.go.jp/municipalities/cities/areacode?page=39
jp-14363,14,143634,松田町,まつだまち,town,municipality,,current,https://town.matsuda.kanagawa.jp/,https://www.e-stat.go.jp/municipalities/cities/areacode?page=40
jp-14364,14,143642,山北町,やまきたまち,town,municipality,,current,https://www.town.yamakita.kanagawa.jp/,https://www.town.yamakita.kanagawa.jp/
jp-14366,14,143669,開成町,かいせいまち,town,municipality,,current,https://www.town.kaisei.kanagawa.jp/,https://www.town.kaisei.kanagawa.jp/
jp-14382,14,143820,箱根町,はこねまち,town,municipality,,current,https://www.town.hakone.kanagawa.jp/,https://www.town.hakone.kanagawa.jp/
jp-14383,14,143839,真鶴町,まなづるまち,town,municipality,,current,https://www.town.manazuru.kanagawa.jp/,https://www.town.manazuru.kanagawa.jp/
jp-14384,14,143847,湯河原町,ゆがわらまち,town,municipality,,current,https://www.town.yugawara.kanagawa.jp/,https://www.town.yugawara.kanagawa.jp/
jp-14401,14,144010,愛川町,あいかわまち,town,municipality,,current,https://www.town.aikawa.kanagawa.jp/,https://www.town.aikawa.kanagawa.jp/
jp-14402,14,144029,清川村,きよかわむら,village,municipality,,current,https://www.town.kiyokawa.kanagawa.jp/,https://www.e-stat.go.jp/municipalities/cities/areacode?page=40
jp-15100,15,151009,新潟市,にいがたし,city,municipality,,current,https://www.city.niigata.lg.jp/,https://www.city.niigata.lg.jp/
jp-15101,15,151017,北区,きたく,administrative_ward,administrative_ward,新潟市,current,,https://www.e-stat.go.jp/municipalities/cities/areacode?page=40
jp-15102,15,151025,東区,ひがしく,administrative_ward,administrative_ward,新潟市,current,,https://www.e-stat.go.jp/municipalities/cities/areacode?page=40
jp-15103,15,151033,中央区,ちゅうおうく,administrative_ward,administrative_ward,新潟市,current,,https://www.e-stat.go.jp/municipalities/cities/areacode?page=40
jp-15104,15,151041,江南区,こうなんく,administrative_ward,administrative_ward,新潟市,current,,https://www.e-stat.go.jp/municipalities/cities/areacode?page=40
jp-15105,15,151050,秋葉区,あきはく,administrative_ward,administrative_ward,新潟市,current,,https://www.e-stat.go.jp/municipalities/cities/areacode?page=40
jp-15106,15,151068,南区,みなみく,administrative_ward,administrative_ward,新潟市,current,,https://www.e-stat.go.jp/municipalities/cities/areacode?page=40
jp-15107,15,151076,西区,にしく,administrative_ward,administrative_ward,新潟市,current,,https://www.e-stat.go.jp/municipalities/cities/areacode?page=40
jp-15108,15,151084,西蒲区,にしかんく,administrative_ward,administrative_ward,新潟市,current,,https://www.e-stat.go.jp/municipalities/cities/areacode?page=40
jp-15202,15,152021,長岡市,ながおかし,city,municipality,,current,https://www.city.nagaoka.niigata.jp/,https://www.city.nagaoka.niigata.jp/
jp-15204,15,152048,三条市,さんじょうし,city,municipality,,current,https://www.city.sanjo.niigata.jp/,https://www.e-stat.go.jp/municipalities/cities/areacode?page=40
jp-15205,15,152056,柏崎市,かしわざきし,city,municipality,,current,https://www.city.kashiwazaki.lg.jp/,https://www.city.kashiwazaki.lg.jp/
jp-15206,15,152064,新発田市,しばたし,city,municipality,,current,https://www.city.shibata.lg.jp/,https://www.city.shibata.lg.jp/
jp-15208,15,152080,小千谷市,おぢやし,city,municipality,,current,https://www.city.ojiya.niigata.jp/,https://www.city.ojiya.niigata.jp/
jp-15209,15,152099,加茂市,かもし,city,municipality,,current,https://www.city.kamo.niigata.jp/,https://www.city.kamo.niigata.jp/
jp-15210,15,152102,十日町市,とおかまちし,city,municipality,,current,https://www.city.tokamachi.lg.jp/,https://www.e-stat.go.jp/municipalities/cities/areacode?page=41
jp-15211,15,152110,見附市,みつけし,city,municipality,,current,https://www.city.mitsuke.niigata.jp/,https://www.city.mitsuke.niigata.jp/
jp-15212,15,152129,村上市,むらかみし,city,municipality,,current,https://www.city.murakami.lg.jp/,https://www.city.murakami.lg.jp/
jp-15213,15,152137,燕市,つばめし,city,municipality,,current,https://www.city.tsubame.niigata.jp/,https://www.city.tsubame.niigata.jp/
jp-15216,15,152161,糸魚川市,いといがわし,city,municipality,,current,https://www.city.itoigawa.lg.jp/,https://www.city.itoigawa.lg.jp/
jp-15217,15,152170,妙高市,みょうこうし,city,municipality,,current,https://www.city.myoko.niigata.jp/,https://www.e-stat.go.jp/municipalities/cities/areacode?page=41
jp-15218,15,152188,五泉市,ごせんし,city,municipality,,current,https://www.city.gosen.lg.jp/,https://www.city.gosen.lg.jp/
jp-15222,15,152226,上越市,じょうえつし,city,municipality,,current,https://www.city.joetsu.niigata.jp/,https://www.e-stat.go.jp/municipalities/cities/areacode?page=41
jp-15223,15,152234,阿賀野市,あがのし,city,municipality,,current,https://www.city.agano.niigata.jp/,https://www.city.agano.niigata.jp/
jp-15224,15,152242,佐渡市,さどし,city,municipality,,current,https://www.city.sado.niigata.jp/,https://www.city.sado.niigata.jp/
jp-15225,15,152250,魚沼市,うおぬまし,city,municipality,,current,https://www.city.uonuma.lg.jp/,https://www.city.uonuma.lg.jp/
jp-15226,15,152269,南魚沼市,みなみうおぬまし,city,municipality,,current,https://www.city.minamiuonuma.niigata.jp/,https://www.city.minamiuonuma.niigata.jp/
jp-15227,15,152277,胎内市,たいないし,city,municipality,,current,https://www.city.tainai.niigata.jp/,https://www.city.tainai.niigata.jp/
jp-15307,15,153079,聖籠町,せいろうまち,town,municipality,,current,https://www.town.seiro.niigata.jp/,https://www.e-stat.go.jp/municipalities/cities/areacode?page=41
jp-15342,15,153427,弥彦村,やひこむら,village,municipality,,current,https://www.vill.yahiko.niigata.jp/,https://www.vill.yahiko.niigata.jp/
jp-15361,15,153613,田上町,たがみまち,town,municipality,,current,https://www.town.tagami.niigata.jp/,https://www.town.tagami.niigata.jp/
jp-15385,15,153850,阿賀町,あがまち,town,municipality,,current,https://www.town.aga.niigata.jp/,https://www.town.aga.niigata.jp/
jp-15405,15,154059,出雲崎町,いずもざきまち,town,municipality,,current,https://www.town.izumozaki.niigata.jp/,https://www.town.izumozaki.niigata.jp/
jp-15461,15,154610,湯沢町,ゆざわまち,town,municipality,,current,https://www.town.yuzawa.lg.jp/,https://www.town.yuzawa.lg.jp/
jp-15482,15,154822,津南町,つなんまち,town,municipality,,current,https://www.town.tsunan.niigata.jp/,https://www.town.tsunan.niigata.jp/
jp-15504,15,155047,刈羽村,かりわむら,village,municipality,,current,https://www.vill.kariwa.niigata.jp/www/normal_top.jsp,https://www.e-stat.go.jp/municipalities/cities/areacode?page=42
jp-15581,15,155810,関川村,せきかわむら,village,municipality,,current,http://www.vill.sekikawa.niigata.jp/,https://www.e-stat.go.jp/municipalities/cities/areacode?page=42
jp-15586,15,155861,粟島浦村,あわしまうらむら,village,municipality,,current,https://www.vill.awashimaura.lg.jp/,https://www.vill.awashimaura.lg.jp/
jp-16201,16,162019,富山市,とやまし,city,municipality,,current,https://www.city.toyama.lg.jp/,https://www.city.toyama.lg.jp/
jp-16202,16,162027,高岡市,たかおかし,city,municipality,,current,https://www.city.takaoka.toyama.jp/,https://www.city.takaoka.toyama.jp/
jp-16204,16,162043,魚津市,うおづし,city,municipality,,current,https://www.city.uozu.toyama.jp/,https://www.e-stat.go.jp/municipalities/cities/areacode?page=42
jp-16205,16,162051,氷見市,ひみし,city,municipality,,current,https://www.city.himi.toyama.jp/,https://www.city.himi.toyama.jp/
jp-16206,16,162060,滑川市,なめりかわし,city,municipality,,current,https://www.city.namerikawa.toyama.jp/,https://www.city.namerikawa.toyama.jp/
jp-16207,16,162078,黒部市,くろべし,city,municipality,,current,https://www.city.kurobe.toyama.jp/,https://www.city.kurobe.toyama.jp/
jp-16208,16,162086,砺波市,となみし,city,municipality,,current,https://www.city.tonami.lg.jp/,https://www.city.tonami.lg.jp/
jp-16209,16,162094,小矢部市,おやべし,city,municipality,,current,https://www.city.oyabe.toyama.jp/,https://www.city.oyabe.toyama.jp/
jp-16210,16,162108,南砺市,なんとし,city,municipality,,current,https://www.city.nanto.toyama.jp/,https://www.city.nanto.toyama.jp/
jp-16211,16,162116,射水市,いみずし,city,municipality,,current,https://www.city.imizu.toyama.jp/,https://www.city.imizu.toyama.jp/
jp-16321,16,163210,舟橋村,ふなはしむら,village,municipality,,current,https://www.vill.funahashi.toyama.jp/,https://www.vill.funahashi.toyama.jp/
jp-16322,16,163228,上市町,かみいちまち,town,municipality,,current,https://www.town.kamiichi.toyama.jp/,https://www.town.kamiichi.toyama.jp/
jp-16323,16,163236,立山町,たてやままち,town,municipality,,current,https://www.town.tateyama.toyama.jp/,https://www.town.tateyama.toyama.jp/
jp-16342,16,163422,入善町,にゅうぜんまち,town,municipality,,current,https://www.town.nyuzen.toyama.jp/,https://www.e-stat.go.jp/municipalities/cities/areacode?page=42
jp-16343,16,163430,朝日町,あさひまち,town,municipality,,current,https://www.town.asahi.toyama.jp/,https://www.town.asahi.toyama.jp/
jp-17201,17,172014,金沢市,かなざわし,city,municipality,,current,https://www4.city.kanazawa.lg.jp/,https://www.pref.ishikawa.lg.jp/sichousien/kennaiichiran2.html
jp-17202,17,172022,七尾市,ななおし,city,municipality,,current,https://www.city.nanao.lg.jp/,https://www.pref.ishikawa.lg.jp/sichousien/kennaiichiran2.html
jp-17203,17,172030,小松市,こまつし,city,municipality,,current,https://www.city.komatsu.lg.jp/,https://www.pref.ishikawa.lg.jp/sichousien/kennaiichiran2.html
jp-17204,17,172049,輪島市,わじまし,city,municipality,,current,https://www.city.wajima.ishikawa.jp/,https://www.pref.ishikawa.lg.jp/sichousien/kennaiichiran2.html
jp-17205,17,172057,珠洲市,すずし,city,municipality,,current,https://www.city.suzu.lg.jp/,https://www.pref.ishikawa.lg.jp/sichousien/kennaiichiran2.html
jp-17206,17,172065,加賀市,かがし,city,municipality,,current,https://www.city.kaga.ishikawa.jp/,https://www.pref.ishikawa.lg.jp/sichousien/kennaiichiran2.html
jp-17207,17,172073,羽咋市,はくいし,city,municipality,,current,https://www.city.hakui.lg.jp/,https://www.pref.ishikawa.lg.jp/sichousien/kennaiichiran2.html
jp-17209,17,172090,かほく市,かほくし,city,municipality,,current,https://www.city.kahoku.lg.jp/,https://www.pref.ishikawa.lg.jp/sichousien/kennaiichiran2.html
jp-17210,17,172103,白山市,はくさんし,city,municipality,,current,https://www.city.hakusan.lg.jp/,https://www.pref.ishikawa.lg.jp/sichousien/kennaiichiran2.html
jp-17211,17,172111,能美市,のみし,city,municipality,,current,https://www.city.nomi.lg.jp/,https://www.pref.ishikawa.lg.jp/sichousien/kennaiichiran2.html
jp-17212,17,172120,野々市市,ののいちし,city,municipality,,current,https://www.city.nonoichi.lg.jp/,https://www.pref.ishikawa.lg.jp/sichousien/kennaiichiran2.html
jp-17324,17,173240,川北町,かわきたまち,town,municipality,,current,https://www.town.kawakita.ishikawa.jp/,https://www.pref.ishikawa.lg.jp/sichousien/kennaiichiran2.html
jp-17361,17,173614,津幡町,つばたまち,town,municipality,,current,https://www.town.tsubata.lg.jp/,https://www.pref.ishikawa.lg.jp/sichousien/kennaiichiran2.html
jp-17365,17,173657,内灘町,うちなだまち,town,municipality,,current,https://www.town.uchinada.lg.jp/,https://www.pref.ishikawa.lg.jp/sichousien/kennaiichiran2.html
jp-17384,17,173843,志賀町,しかまち,town,municipality,,current,https://www.town.shika.lg.jp/,https://www.pref.ishikawa.lg.jp/sichousien/kennaiichiran2.html
jp-17386,17,173860,宝達志水町,ほうだつしみずちょう,town,municipality,,current,https://www.hodatsushimizu.jp/,https://www.pref.ishikawa.lg.jp/sichousien/kennaiichiran2.html
jp-17407,17,174076,中能登町,なかのとまち,town,municipality,,current,https://www.town.nakanoto.ishikawa.jp/,https://www.pref.ishikawa.lg.jp/sichousien/kennaiichiran2.html
jp-17461,17,174610,穴水町,あなみずまち,town,municipality,,current,https://www.town.anamizu.lg.jp/,https://www.pref.ishikawa.lg.jp/sichousien/kennaiichiran2.html
jp-17463,17,174637,能登町,のとちょう,town,municipality,,current,https://www.town.noto.lg.jp/,https://www.pref.ishikawa.lg.jp/sichousien/kennaiichiran2.html
jp-18201,18,182010,福井市,ふくいし,city,municipality,,current,https://www.city.fukui.lg.jp/,https://www.pref.fukui.lg.jp/doc/dx-suishin/shimachi_list.html
jp-18202,18,182028,敦賀市,つるがし,city,municipality,,current,https://www.city.tsuruga.lg.jp/,https://www.pref.fukui.lg.jp/doc/dx-suishin/shimachi_list.html
jp-18204,18,182044,小浜市,おばまし,city,municipality,,current,https://www1.city.obama.fukui.jp/,https://www.pref.fukui.lg.jp/doc/dx-suishin/shimachi_list.html
jp-18205,18,182052,大野市,おおのし,city,municipality,,current,https://www.city.ono.fukui.jp/,https://www.pref.fukui.lg.jp/doc/dx-suishin/shimachi_list.html
jp-18206,18,182060,勝山市,かつやまし,city,municipality,,current,https://www.city.katsuyama.fukui.jp/,https://www.pref.fukui.lg.jp/doc/dx-suishin/shimachi_list.html
jp-18207,18,182079,鯖江市,さばえし,city,municipality,,current,https://www.city.sabae.fukui.jp/,https://www.pref.fukui.lg.jp/doc/dx-suishin/shimachi_list.html
jp-18208,18,182087,あわら市,あわらし,city,municipality,,current,https://www.city.awara.lg.jp/,https://www.pref.fukui.lg.jp/doc/dx-suishin/shimachi_list.html
jp-18209,18,182095,越前市,えちぜんし,city,municipality,,current,https://www.city.echizen.lg.jp/,https://www.pref.fukui.lg.jp/doc/dx-suishin/shimachi_list.html
jp-18210,18,182109,坂井市,さかいし,city,municipality,,current,https://www.city.fukui-sakai.lg.jp/,https://www.pref.fukui.lg.jp/doc/dx-suishin/shimachi_list.html
jp-18322,18,183229,永平寺町,えいへいじちょう,town,municipality,,current,https://www.town.eiheiji.lg.jp/,https://www.pref.fukui.lg.jp/doc/dx-suishin/shimachi_list.html
jp-18382,18,183822,池田町,いけだちょう,town,municipality,,current,https://www.town.ikeda.fukui.jp/,https://www.pref.fukui.lg.jp/doc/dx-suishin/shimachi_list.html
jp-18404,18,184047,南越前町,みなみえちぜんちょう,town,municipality,,current,https://www.town.minamiechizen.lg.jp/,https://www.pref.fukui.lg.jp/doc/dx-suishin/shimachi_list.html
jp-18423,18,184233,越前町,えちぜんちょう,town,municipality,,current,https://www.town.echizen.fukui.jp/,https://www.pref.fukui.lg.jp/doc/dx-suishin/shimachi_list.html
jp-18442,18,184420,美浜町,みはまちょう,town,municipality,,current,https://www.town.fukui-mihama.lg.jp/,https://www.pref.fukui.lg.jp/doc/dx-suishin/shimachi_list.html
jp-18481,18,184810,高浜町,たかはまちょう,town,municipality,,current,https://www.town.takahama.fukui.jp/,https://www.pref.fukui.lg.jp/doc/dx-suishin/shimachi_list.html
jp-18483,18,184837,おおい町,おおいちょう,town,municipality,,current,https://www.town.ohi.fukui.jp/,https://www.pref.fukui.lg.jp/doc/dx-suishin/shimachi_list.html
jp-18501,18,185019,若狭町,わかさちょう,town,municipality,,current,https://www.town.fukui-wakasa.lg.jp/,https://www.pref.fukui.lg.jp/doc/dx-suishin/shimachi_list.html
jp-19201,19,192015,甲府市,こうふし,city,municipality,,current,https://www.city.kofu.yamanashi.jp/,https://www.pref.yamanashi.jp/link/link_city.html
jp-19202,19,192023,富士吉田市,ふじよしだし,city,municipality,,current,https://www.city.fujiyoshida.yamanashi.jp/,https://www.pref.yamanashi.jp/link/link_city.html
jp-19204,19,192040,都留市,つるし,city,municipality,,current,https://www.city.tsuru.yamanashi.jp/,https://www.pref.yamanashi.jp/link/link_city.html
jp-19205,19,192058,山梨市,やまなしし,city,municipality,,current,https://www.city.yamanashi.yamanashi.jp/,https://www.pref.yamanashi.jp/link/link_city.html
jp-19206,19,192066,大月市,おおつきし,city,municipality,,current,https://www.city.otsuki.yamanashi.jp/,https://www.pref.yamanashi.jp/link/link_city.html
jp-19207,19,192074,韮崎市,にらさきし,city,municipality,,current,https://www.city.nirasaki.lg.jp/,https://www.pref.yamanashi.jp/link/link_city.html
jp-19208,19,192082,南アルプス市,みなみあるぷすし,city,municipality,,current,https://www.city.minami-alps.yamanashi.jp/,https://www.pref.yamanashi.jp/link/link_city.html
jp-19209,19,192090,北杜市,ほくとし,city,municipality,,current,https://www.city.hokuto.yamanashi.jp/,https://www.pref.yamanashi.jp/link/link_city.html
jp-19210,19,192104,甲斐市,かいし,city,municipality,,current,https://www.city.kai.yamanashi.jp/,https://www.pref.yamanashi.jp/link/link_city.html
jp-19211,19,192112,笛吹市,ふえふきし,city,municipality,,current,https://www.city.fuefuki.yamanashi.jp/,https://www.pref.yamanashi.jp/link/link_city.html
jp-19212,19,192120,上野原市,うえのはらし,city,municipality,,current,https://www.city.uenohara.yamanashi.jp/,https://www.pref.yamanashi.jp/link/link_city.html
jp-19213,19,192139,甲州市,こうしゅうし,city,municipality,,current,https://www.city.koshu.yamanashi.jp/,https://www.pref.yamanashi.jp/link/link_city.html
jp-19214,19,192147,中央市,ちゅうおうし,city,municipality,,current,https://www.city.chuo.yamanashi.jp/,https://www.pref.yamanashi.jp/link/link_city.html
jp-19346,19,193461,市川三郷町,いちかわみさとちょう,town,municipality,,current,https://www.town.ichikawamisato.yamanashi.jp/,https://www.pref.yamanashi.jp/link/link_city.html
jp-19364,19,193640,早川町,はやかわちょう,town,municipality,,current,https://www.town.hayakawa.yamanashi.jp/,https://www.pref.yamanashi.jp/link/link_city.html
jp-19365,19,193658,身延町,みのぶちょう,town,municipality,,current,https://www.town.minobu.lg.jp/,https://www.pref.yamanashi.jp/link/link_city.html
jp-19366,19,193666,南部町,なんぶちょう,town,municipality,,current,https://www.town.nanbu.yamanashi.jp/,https://www.pref.yamanashi.jp/link/link_city.html
jp-19368,19,193682,富士川町,ふじかわちょう,town,municipality,,current,https://www.town.fujikawa.yamanashi.jp/,https://www.pref.yamanashi.jp/link/link_city.html
jp-19384,19,193844,昭和町,しょうわちょう,town,municipality,,current,https://www.town.showa.yamanashi.jp/,https://www.pref.yamanashi.jp/link/link_city.html
jp-19422,19,194220,道志村,どうしむら,village,municipality,,current,http://www.vill.doshi.lg.jp/,https://www.pref.yamanashi.jp/link/link_city.html
jp-19423,19,194239,西桂町,にしかつらちょう,town,municipality,,current,https://www.town.nishikatsura.yamanashi.jp/,https://www.pref.yamanashi.jp/link/link_city.html
jp-19424,19,194247,忍野村,おしのむら,village,municipality,,current,https://www.vill.oshino.lg.jp/,https://www.pref.yamanashi.jp/link/link_city.html
jp-19425,19,194255,山中湖村,やまなかこむら,village,municipality,,current,https://www.vill.yamanakako.lg.jp/,https://www.pref.yamanashi.jp/link/link_city.html
jp-19429,19,194298,鳴沢村,なるさわむら,village,municipality,,current,https://www.vill.narusawa.yamanashi.jp/,https://www.pref.yamanashi.jp/link/link_city.html
jp-19430,19,194301,富士河口湖町,ふじかわぐちこまち,town,municipality,,current,https://www.town.fujikawaguchiko.lg.jp/,https://www.pref.yamanashi.jp/link/link_city.html
jp-19442,19,194425,小菅村,こすげむら,village,municipality,,current,http://www.vill.kosuge.yamanashi.jp/,https://www.pref.yamanashi.jp/link/link_city.html
jp-19443,19,194433,丹波山村,たばやまむら,village,municipality,,current,https://www.vill.tabayama.yamanashi.jp/,https://www.pref.yamanashi.jp/link/link_city.html
jp-20201,20,202010,長野市,ながのし,city,municipality,,current,https://www.city.nagano.nagano.jp/,https://www.pref.nagano.lg.jp/shichoson/kensei/shichoson/gappei/gappei/mejiiko/ichiran/
jp-20202,20,202029,松本市,まつもとし,city,municipality,,current,https://www.city.matsumoto.nagano.jp/,https://www.pref.nagano.lg.jp/shichoson/kensei/shichoson/gappei/gappei/mejiiko/ichiran/
jp-20203,20,202037,上田市,うえだし,city,municipality,,current,https://www.city.ueda.nagano.jp/,https://www.pref.nagano.lg.jp/shichoson/kensei/shichoson/gappei/gappei/mejiiko/ichiran/
jp-20204,20,202045,岡谷市,おかやし,city,municipality,,current,https://www.city.okaya.lg.jp/,https://www.pref.nagano.lg.jp/shichoson/kensei/shichoson/gappei/gappei/mejiiko/ichiran/
jp-20205,20,202053,飯田市,いいだし,city,municipality,,current,https://www.city.iida.lg.jp/,https://www.pref.nagano.lg.jp/shichoson/kensei/shichoson/gappei/gappei/mejiiko/ichiran/
jp-20206,20,202061,諏訪市,すわし,city,municipality,,current,https://www.city.suwa.lg.jp/,https://www.pref.nagano.lg.jp/shichoson/kensei/shichoson/gappei/gappei/mejiiko/ichiran/
jp-20207,20,202070,須坂市,すざかし,city,municipality,,current,https://www.city.suzaka.nagano.jp/,https://www.pref.nagano.lg.jp/shichoson/kensei/shichoson/gappei/gappei/mejiiko/ichiran/
jp-20208,20,202088,小諸市,こもろし,city,municipality,,current,https://www.city.komoro.lg.jp/,https://www.pref.nagano.lg.jp/shichoson/kensei/shichoson/gappei/gappei/mejiiko/ichiran/
jp-20209,20,202096,伊那市,いなし,city,municipality,,current,http://www.inacity.jp/,https://www.pref.nagano.lg.jp/shichoson/kensei/shichoson/gappei/gappei/mejiiko/ichiran/
jp-20210,20,202100,駒ヶ根市,こまがねし,city,municipality,,current,https://www.city.komagane.nagano.jp/,https://www.pref.nagano.lg.jp/shichoson/kensei/shichoson/gappei/gappei/mejiiko/ichiran/
jp-20211,20,202118,中野市,なかのし,city,municipality,,current,https://www.city.nakano.nagano.jp/,https://www.pref.nagano.lg.jp/shichoson/kensei/shichoson/gappei/gappei/mejiiko/ichiran/
jp-20212,20,202126,大町市,おおまちし,city,municipality,,current,https://www.city.omachi.nagano.jp/,https://www.pref.nagano.lg.jp/shichoson/kensei/shichoson/gappei/gappei/mejiiko/ichiran/
jp-20213,20,202134,飯山市,いいやまし,city,municipality,,current,https://www.city.iiyama.nagano.jp/,https://www.pref.nagano.lg.jp/shichoson/kensei/shichoson/gappei/gappei/mejiiko/ichiran/
jp-20214,20,202142,茅野市,ちのし,city,municipality,,current,https://www.city.chino.lg.jp/,https://www.pref.nagano.lg.jp/shichoson/kensei/shichoson/gappei/gappei/mejiiko/ichiran/
jp-20215,20,202150,塩尻市,しおじりし,city,municipality,,current,https://www.city.shiojiri.lg.jp/,https://www.pref.nagano.lg.jp/shichoson/kensei/shichoson/gappei/gappei/mejiiko/ichiran/
jp-20217,20,202177,佐久市,さくし,city,municipality,,current,https://www.city.saku.nagano.jp/,https://www.pref.nagano.lg.jp/shichoson/kensei/shichoson/gappei/gappei/mejiiko/ichiran/
jp-20218,20,202185,千曲市,ちくまし,city,municipality,,current,https://www.city.chikuma.lg.jp/,https://www.pref.nagano.lg.jp/shichoson/kensei/shichoson/gappei/gappei/mejiiko/ichiran/
jp-20219,20,202193,東御市,とうみし,city,municipality,,current,https://www.city.tomi.nagano.jp/,https://www.pref.nagano.lg.jp/shichoson/kensei/shichoson/gappei/gappei/mejiiko/ichiran/
jp-20220,20,202207,安曇野市,あづみのし,city,municipality,,current,https://www.city.azumino.nagano.jp/,https://www.pref.nagano.lg.jp/shichoson/kensei/shichoson/gappei/gappei/mejiiko/ichiran/
jp-20303,20,203033,小海町,こうみまち,town,municipality,,current,https://www.koumi-town.jp/,https://www.pref.nagano.lg.jp/shichoson/kensei/shichoson/gappei/gappei/mejiiko/ichiran/
jp-20304,20,203041,川上村,かわかみむら,village,municipality,,current,https://www.vill.kawakami.nagano.jp/,https://www.pref.nagano.lg.jp/shichoson/kensei/shichoson/gappei/gappei/mejiiko/ichiran/
jp-20305,20,203050,南牧村,みなみまきむら,village,municipality,,current,http://www.minamimakimura.jp/,https://www.pref.nagano.lg.jp/shichoson/kensei/shichoson/gappei/gappei/mejiiko/ichiran/
jp-20306,20,203068,南相木村,みなみあいきむら,village,municipality,,current,http://www.minamiaiki.jp/,https://www.pref.nagano.lg.jp/shichoson/kensei/shichoson/gappei/gappei/mejiiko/ichiran/
jp-20307,20,203076,北相木村,きたあいきむら,village,municipality,,current,http://vill.kitaaiki.nagano.jp/,https://www.pref.nagano.lg.jp/shichoson/kensei/shichoson/gappei/gappei/mejiiko/ichiran/
jp-20309,20,203092,佐久穂町,さくほまち,town,municipality,,current,https://www.town.sakuho.nagano.jp/,https://www.pref.nagano.lg.jp/shichoson/kensei/shichoson/gappei/gappei/mejiiko/ichiran/
jp-20321,20,203211,軽井沢町,かるいざわまち,town,municipality,,current,https://www.town.karuizawa.lg.jp/,https://www.pref.nagano.lg.jp/shichoson/kensei/shichoson/gappei/gappei/mejiiko/ichiran/
jp-20323,20,203238,御代田町,みよたまち,town,municipality,,current,https://www.town.miyota.nagano.jp/,https://www.pref.nagano.lg.jp/shichoson/kensei/shichoson/gappei/gappei/mejiiko/ichiran/
jp-20324,20,203246,立科町,たてしなまち,town,municipality,,current,https://www.town.tateshina.nagano.jp/,https://www.pref.nagano.lg.jp/shichoson/kensei/shichoson/gappei/gappei/mejiiko/ichiran/
jp-20349,20,203491,青木村,あおきむら,village,municipality,,current,https://www.vill.aoki.nagano.jp/,https://www.pref.nagano.lg.jp/shichoson/kensei/shichoson/gappei/gappei/mejiiko/ichiran/
jp-20350,20,203505,長和町,ながわまち,town,municipality,,current,https://www.town.nagawa.nagano.jp/,https://www.pref.nagano.lg.jp/shichoson/kensei/shichoson/gappei/gappei/mejiiko/ichiran/
jp-20361,20,203610,下諏訪町,しもすわまち,town,municipality,,current,https://www.town.shimosuwa.lg.jp/,https://www.pref.nagano.lg.jp/shichoson/kensei/shichoson/gappei/gappei/mejiiko/ichiran/
jp-20362,20,203629,富士見町,ふじみまち,town,municipality,,current,https://www.town.fujimi.lg.jp/,https://www.pref.nagano.lg.jp/shichoson/kensei/shichoson/gappei/gappei/mejiiko/ichiran/
jp-20363,20,203637,原村,はらむら,village,municipality,,current,https://www.vill.hara.lg.jp/,https://www.pref.nagano.lg.jp/shichoson/kensei/shichoson/gappei/gappei/mejiiko/ichiran/
jp-20382,20,203823,辰野町,たつのまち,town,municipality,,current,https://www.town.tatsuno.lg.jp/,https://www.pref.nagano.lg.jp/shichoson/kensei/shichoson/gappei/gappei/mejiiko/ichiran/
jp-20383,20,203831,箕輪町,みのわまち,town,municipality,,current,https://www.town.minowa.lg.jp/,https://www.pref.nagano.lg.jp/shichoson/kensei/shichoson/gappei/gappei/mejiiko/ichiran/
jp-20384,20,203840,飯島町,いいじままち,town,municipality,,current,https://www.town.iijima.lg.jp/,https://www.pref.nagano.lg.jp/shichoson/kensei/shichoson/gappei/gappei/mejiiko/ichiran/
jp-20385,20,203858,南箕輪村,みなみみのわむら,village,municipality,,current,https://www.vill.minamiminowa.lg.jp/,https://www.pref.nagano.lg.jp/shichoson/kensei/shichoson/gappei/gappei/mejiiko/ichiran/
jp-20386,20,203866,中川村,なかがわむら,village,municipality,,current,https://www.vill.nakagawa.nagano.jp/,https://www.pref.nagano.lg.jp/shichoson/kensei/shichoson/gappei/gappei/mejiiko/ichiran/
jp-20388,20,203882,宮田村,みやだむら,village,municipality,,current,https://www.vill.miyada.nagano.jp/,https://www.pref.nagano.lg.jp/shichoson/kensei/shichoson/gappei/gappei/mejiiko/ichiran/
jp-20402,20,204021,松川町,まつかわまち,town,municipality,,current,https://www.town.matsukawa.lg.jp/,https://www.pref.nagano.lg.jp/shichoson/kensei/shichoson/gappei/gappei/mejiiko/ichiran/
jp-20403,20,204030,高森町,たかもりまち,town,municipality,,current,https://www.town.nagano-takamori.lg.jp/,https://www.pref.nagano.lg.jp/shichoson/kensei/shichoson/gappei/gappei/mejiiko/ichiran/
jp-20404,20,204048,阿南町,あなんちょう,town,municipality,,current,http://www.town.anan.nagano.jp/,https://www.pref.nagano.lg.jp/shichoson/kensei/shichoson/gappei/gappei/mejiiko/ichiran/
jp-20407,20,204072,阿智村,あちむら,village,municipality,,current,https://www.vill.achi.lg.jp/,https://www.pref.nagano.lg.jp/shichoson/kensei/shichoson/gappei/gappei/mejiiko/ichiran/
jp-20409,20,204099,平谷村,ひらやむら,village,municipality,,current,http://hirayamura.jp/,https://www.pref.nagano.lg.jp/shichoson/kensei/shichoson/gappei/gappei/mejiiko/ichiran/
jp-20410,20,204102,根羽村,ねばむら,village,municipality,,current,http://nebamura.jp/,https://www.pref.nagano.lg.jp/shichoson/kensei/shichoson/gappei/gappei/mejiiko/ichiran/
jp-20411,20,204110,下條村,しもじょうむら,village,municipality,,current,http://www.vill-shimojo.jp/,https://www.pref.nagano.lg.jp/shichoson/kensei/shichoson/gappei/gappei/mejiiko/ichiran/
jp-20412,20,204129,売木村,うるぎむら,village,municipality,,current,http://www.urugi.jp/,https://www.pref.nagano.lg.jp/shichoson/kensei/shichoson/gappei/gappei/mejiiko/ichiran/
jp-20413,20,204137,天龍村,てんりゅうむら,village,municipality,,current,http://www.vill-tenryu.jp/,https://www.pref.nagano.lg.jp/shichoson/kensei/shichoson/gappei/gappei/mejiiko/ichiran/
jp-20414,20,204145,泰阜村,やすおかむら,village,municipality,,current,https://www.vill.yasuoka.nagano.jp/,https://www.pref.nagano.lg.jp/shichoson/kensei/shichoson/gappei/gappei/mejiiko/ichiran/
jp-20415,20,204153,喬木村,たかぎむら,village,municipality,,current,https://www.vill.takagi.lg.jp/,https://www.pref.nagano.lg.jp/shichoson/kensei/shichoson/gappei/gappei/mejiiko/ichiran/
jp-20416,20,204161,豊丘村,とよおかむら,village,municipality,,current,https://www.vill.nagano-toyooka.lg.jp/,https://www.pref.nagano.lg.jp/shichoson/kensei/shichoson/gappei/gappei/mejiiko/ichiran/
jp-20417,20,204170,大鹿村,おおしかむら,village,municipality,,current,https://www.vill.ooshika.nagano.jp/,https://www.pref.nagano.lg.jp/shichoson/kensei/shichoson/gappei/gappei/mejiiko/ichiran/
jp-20422,20,204226,上松町,あげまつまち,town,municipality,,current,https://www.town.agematsu.nagano.jp/,https://www.pref.nagano.lg.jp/shichoson/kensei/shichoson/gappei/gappei/mejiiko/ichiran/
jp-20423,20,204234,南木曽町,なぎそまち,town,municipality,,current,https://www.town.nagiso.nagano.jp/,https://www.pref.nagano.lg.jp/shichoson/kensei/shichoson/gappei/gappei/mejiiko/ichiran/
jp-20425,20,204250,木祖村,きそむら,village,municipality,,current,https://www.vill.kiso.nagano.jp/,https://www.pref.nagano.lg.jp/shichoson/kensei/shichoson/gappei/gappei/mejiiko/ichiran/
jp-20429,20,204293,王滝村,おうたきむら,village,municipality,,current,http://www.vill.otaki.nagano.jp/,https://www.pref.nagano.lg.jp/shichoson/kensei/shichoson/gappei/gappei/mejiiko/ichiran/
jp-20430,20,204307,大桑村,おおくわむら,village,municipality,,current,https://www.vill.okuwa.lg.jp/,https://www.pref.nagano.lg.jp/shichoson/kensei/shichoson/gappei/gappei/mejiiko/ichiran/
jp-20432,20,204323,木曽町,きそまち,town,municipality,,current,https://www.town-kiso.com/,https://www.pref.nagano.lg.jp/shichoson/kensei/shichoson/gappei/gappei/mejiiko/ichiran/
jp-20446,20,204463,麻績村,おみむら,village,municipality,,current,https://www.vill.omi.nagano.jp/,https://www.pref.nagano.lg.jp/shichoson/kensei/shichoson/gappei/gappei/mejiiko/ichiran/
jp-20448,20,204480,生坂村,いくさかむら,village,municipality,,current,https://www.village.ikusaka.nagano.jp/,https://www.pref.nagano.lg.jp/shichoson/kensei/shichoson/gappei/gappei/mejiiko/ichiran/
jp-20450,20,204501,山形村,やまがたむら,village,municipality,,current,https://www.vill.yamagata.nagano.jp/,https://www.pref.nagano.lg.jp/shichoson/kensei/shichoson/gappei/gappei/mejiiko/ichiran/
jp-20451,20,204510,朝日村,あさひむら,village,municipality,,current,https://www.vill.asahi.nagano.jp/,https://www.pref.nagano.lg.jp/shichoson/kensei/shichoson/gappei/gappei/mejiiko/ichiran/
jp-20452,20,204528,筑北村,ちくほくむら,village,municipality,,current,https://www.vill.chikuhoku.lg.jp/,https://www.pref.nagano.lg.jp/shichoson/kensei/shichoson/gappei/gappei/mejiiko/ichiran/
jp-20481,20,204811,池田町,いけだまち,town,municipality,,current,http://www.ikedamachi.net/,https://www.pref.nagano.lg.jp/shichoson/kensei/shichoson/gappei/gappei/mejiiko/ichiran/
jp-20482,20,204820,松川村,まつかわむら,village,municipality,,current,https://www.vill.matsukawa.nagano.jp/,https://www.pref.nagano.lg.jp/shichoson/kensei/shichoson/gappei/gappei/mejiiko/ichiran/
jp-20485,20,204854,白馬村,はくばむら,village,municipality,,current,https://www.vill.hakuba.lg.jp/,https://www.pref.nagano.lg.jp/shichoson/kensei/shichoson/gappei/gappei/mejiiko/ichiran/
jp-20486,20,204862,小谷村,おたりむら,village,municipality,,current,https://www.vill.otari.nagano.jp/,https://www.pref.nagano.lg.jp/shichoson/kensei/shichoson/gappei/gappei/mejiiko/ichiran/
jp-20521,20,205214,坂城町,さかきまち,town,municipality,,current,https://www.town.sakaki.nagano.jp/,https://www.pref.nagano.lg.jp/shichoson/kensei/shichoson/gappei/gappei/mejiiko/ichiran/
jp-20541,20,205419,小布施町,おぶせまち,town,municipality,,current,https://www.town.obuse.nagano.jp/,https://www.pref.nagano.lg.jp/shichoson/kensei/shichoson/gappei/gappei/mejiiko/ichiran/
jp-20543,20,205435,高山村,たかやまむら,village,municipality,,current,https://www.vill.takayama.nagano.jp/,https://www.pref.nagano.lg.jp/shichoson/kensei/shichoson/gappei/gappei/mejiiko/ichiran/
jp-20561,20,205613,山ノ内町,やまのうちまち,town,municipality,,current,https://www.town.yamanouchi.nagano.jp/,https://www.pref.nagano.lg.jp/shichoson/kensei/shichoson/gappei/gappei/mejiiko/ichiran/
jp-20562,20,205621,木島平村,きじまだいらむら,village,municipality,,current,https://www.vill.kijimadaira.lg.jp/,https://www.pref.nagano.lg.jp/shichoson/kensei/shichoson/gappei/gappei/mejiiko/ichiran/
jp-20563,20,205630,野沢温泉村,のざわおんせんむら,village,municipality,,current,https://www.vill.nozawaonsen.nagano.jp/,https://www.pref.nagano.lg.jp/shichoson/kensei/shichoson/gappei/gappei/mejiiko/ichiran/
jp-20583,20,205834,信濃町,しなのまち,town,municipality,,current,https://www.town.shinano.lg.jp/,https://www.pref.nagano.lg.jp/shichoson/kensei/shichoson/gappei/gappei/mejiiko/ichiran/
jp-20588,20,205885,小川村,おがわむら,village,municipality,,current,https://www.vill.ogawa.nagano.jp/,https://www.pref.nagano.lg.jp/shichoson/kensei/shichoson/gappei/gappei/mejiiko/ichiran/
jp-20590,20,205907,飯綱町,いいづなまち,town,municipality,,current,https://www.town.iizuna.nagano.jp/,https://www.pref.nagano.lg.jp/shichoson/kensei/shichoson/gappei/gappei/mejiiko/ichiran/
jp-20602,20,206024,栄村,さかえむら,village,municipality,,current,http://www.vill.sakae.nagano.jp/,https://www.pref.nagano.lg.jp/shichoson/kensei/shichoson/gappei/gappei/mejiiko/ichiran/
jp-21201,21,212016,岐阜市,ぎふし,city,municipality,,current,http://www.city.gifu.lg.jp/,https://www.pref.gifu.lg.jp/page/6058.html
jp-21202,21,212024,大垣市,おおがきし,city,municipality,,current,http://www.city.ogaki.lg.jp/,https://www.pref.gifu.lg.jp/page/6058.html
jp-21203,21,212032,高山市,たかやまし,city,municipality,,current,http://www.city.takayama.lg.jp/,https://www.pref.gifu.lg.jp/page/6058.html
jp-21204,21,212040,多治見市,たじみし,city,municipality,,current,http://www.city.tajimi.lg.jp/,https://www.pref.gifu.lg.jp/page/6058.html
jp-21205,21,212059,関市,せきし,city,municipality,,current,http://www.city.seki.gifu.jp/,https://www.pref.gifu.lg.jp/page/6058.html
jp-21206,21,212067,中津川市,なかつがわし,city,municipality,,current,http://www.city.nakatsugawa.gifu.jp/,https://www.pref.gifu.lg.jp/page/6058.html
jp-21207,21,212075,美濃市,みのし,city,municipality,,current,http://www.city.mino.gifu.jp/,https://www.pref.gifu.lg.jp/page/6058.html
jp-21208,21,212083,瑞浪市,みずなみし,city,municipality,,current,http://www.city.mizunami.lg.jp/,https://www.pref.gifu.lg.jp/page/6058.html
jp-21209,21,212091,羽島市,はしまし,city,municipality,,current,http://www.city.hashima.gifu.jp/,https://www.pref.gifu.lg.jp/page/6058.html
jp-21210,21,212105,恵那市,えなし,city,municipality,,current,http://www.city.ena.lg.jp/,https://www.pref.gifu.lg.jp/page/6058.html
jp-21211,21,212113,美濃加茂市,みのかもし,city,municipality,,current,https://www.city.minokamo.lg.jp/,https://www.pref.gifu.lg.jp/page/6058.html
jp-21212,21,212121,土岐市,ときし,city,municipality,,current,http://www.city.toki.lg.jp/,https://www.pref.gifu.lg.jp/page/6058.html
jp-21213,21,212130,各務原市,かかみがはらし,city,municipality,,current,http://www.city.kakamigahara.lg.jp/,https://www.pref.gifu.lg.jp/page/6058.html
jp-21214,21,212148,可児市,かにし,city,municipality,,current,http://www.city.kani.lg.jp/,https://www.pref.gifu.lg.jp/page/6058.html
jp-21215,21,212156,山県市,やまがたし,city,municipality,,current,http://www.city.yamagata.gifu.jp/,https://www.pref.gifu.lg.jp/page/6058.html
jp-21216,21,212164,瑞穂市,みずほし,city,municipality,,current,http://www.city.mizuho.lg.jp/,https://www.pref.gifu.lg.jp/page/6058.html
jp-21217,21,212172,飛騨市,ひだし,city,municipality,,current,http://www.city.hida.gifu.jp/,https://www.pref.gifu.lg.jp/page/6058.html
jp-21218,21,212180,本巣市,もとすし,city,municipality,,current,http://www.city.motosu.lg.jp/,https://www.pref.gifu.lg.jp/page/6058.html
jp-21219,21,212199,郡上市,ぐじょうし,city,municipality,,current,http://www.city.gujo.gifu.jp/,https://www.pref.gifu.lg.jp/page/6058.html
jp-21220,21,212202,下呂市,げろし,city,municipality,,current,http://www.city.gero.lg.jp/,https://www.pref.gifu.lg.jp/page/6058.html
jp-21221,21,212210,海津市,かいづし,city,municipality,,current,https://www.city.kaizu.lg.jp/,https://www.pref.gifu.lg.jp/page/6058.html
jp-21302,21,213020,岐南町,ぎなんちょう,town,municipality,,current,https://www.town.ginan.lg.jp/,https://www.pref.gifu.lg.jp/page/6058.html
jp-21303,21,213039,笠松町,かさまつちょう,town,municipality,,current,http://www.town.kasamatsu.gifu.jp/,https://www.pref.gifu.lg.jp/page/6058.html
jp-21341,21,213411,養老町,ようろうちょう,town,municipality,,current,http://www.town.yoro.gifu.jp/,https://www.pref.gifu.lg.jp/page/6058.html
jp-21361,21,213616,垂井町,たるいちょう,town,municipality,,current,http://www.town.tarui.lg.jp/,https://www.pref.gifu.lg.jp/page/6058.html
jp-21362,21,213624,関ケ原町,せきがはらちょう,town,municipality,,current,http://www.town.sekigahara.gifu.jp/,https://www.pref.gifu.lg.jp/page/6058.html
jp-21381,21,213810,神戸町,ごうどちょう,town,municipality,,current,http://www.town.godo.gifu.jp/,https://www.pref.gifu.lg.jp/page/6058.html
jp-21382,21,213829,輪之内町,わのうちちょう,town,municipality,,current,http://town.wanouchi.gifu.jp/,https://www.pref.gifu.lg.jp/page/6058.html
jp-21383,21,213837,安八町,あんぱちちょう,town,municipality,,current,http://www.town.anpachi.gifu.jp/,https://www.pref.gifu.lg.jp/page/6058.html
jp-21401,21,214019,揖斐川町,いびがわちょう,town,municipality,,current,http://www.town.ibigawa.gifu.jp/,https://www.pref.gifu.lg.jp/page/6058.html
jp-21403,21,214035,大野町,おおのちょう,town,municipality,,current,https://www.town-ono.jp/,https://www.pref.gifu.lg.jp/page/6058.html
jp-21404,21,214043,池田町,いけだちょう,town,municipality,,current,http://www.town.ikeda.gifu.jp/,https://www.pref.gifu.lg.jp/page/6058.html
jp-21421,21,214213,北方町,きたがたちょう,town,municipality,,current,http://www.town.kitagata.gifu.jp/,https://www.pref.gifu.lg.jp/page/6058.html
jp-21501,21,215015,坂祝町,さかほぎちょう,town,municipality,,current,http://www.town.sakahogi.gifu.jp/,https://www.pref.gifu.lg.jp/page/6058.html
jp-21502,21,215023,富加町,とみかちょう,town,municipality,,current,http://www.town.tomika.gifu.jp/,https://www.pref.gifu.lg.jp/page/6058.html
jp-21503,21,215031,川辺町,かわべちょう,town,municipality,,current,http://www.kawabe-gifu.jp/,https://www.pref.gifu.lg.jp/page/6058.html
jp-21504,21,215040,七宗町,ひちそうちょう,town,municipality,,current,http://www.hichiso.jp/,https://www.pref.gifu.lg.jp/page/6058.html
jp-21505,21,215058,八百津町,やおつちょう,town,municipality,,current,https://www.town.yaotsu.lg.jp/,https://www.pref.gifu.lg.jp/page/6058.html
jp-21506,21,215066,白川町,しらかわちょう,town,municipality,,current,http://www.town.shirakawa.lg.jp/,https://www.pref.gifu.lg.jp/page/6058.html
jp-21507,21,215074,東白川村,ひがししらかわむら,village,municipality,,current,http://www.vill.higashishirakawa.gifu.jp/,https://www.pref.gifu.lg.jp/page/6058.html
jp-21521,21,215210,御嵩町,みたけちょう,town,municipality,,current,https://www.town.mitake.lg.jp/,https://www.pref.gifu.lg.jp/page/6058.html
jp-21604,21,216046,白川村,しらかわむら,village,municipality,,current,http://shirakawa-go.org/,https://www.pref.gifu.lg.jp/page/6058.html
jp-22100,22,221007,静岡市,しずおかし,city,municipality,,current,https://www.city.shizuoka.lg.jp/,https://www.pref.shizuoka.jp/sangyoshigoto/kigyoshien/kigyoricchi/1000016/1028378.html
jp-22101,22,221015,葵区,あおいく,administrative_ward,administrative_ward,静岡市,current,,https://www.e-stat.go.jp/municipalities/cities/areacode?page=52
jp-22102,22,221023,駿河区,するがく,administrative_ward,administrative_ward,静岡市,current,,https://www.e-stat.go.jp/municipalities/cities/areacode?page=52
jp-22103,22,221031,清水区,しみずく,administrative_ward,administrative_ward,静岡市,current,,https://www.e-stat.go.jp/municipalities/cities/areacode?page=52
jp-22130,22,221309,浜松市,はままつし,city,municipality,,current,https://www.city.hamamatsu.shizuoka.jp/,https://www.pref.shizuoka.jp/sangyoshigoto/kigyoshien/kigyoricchi/1000016/1028378.html
jp-22138,22,221384,中央区,ちゅうおうく,administrative_ward,administrative_ward,浜松市,current,,https://www.e-stat.go.jp/municipalities/cities/areacode?page=52
jp-22139,22,221392,浜名区,はまなく,administrative_ward,administrative_ward,浜松市,current,,https://www.e-stat.go.jp/municipalities/cities/areacode?page=52
jp-22140,22,221406,天竜区,てんりゅうく,administrative_ward,administrative_ward,浜松市,current,,https://www.e-stat.go.jp/municipalities/cities/areacode?page=52
jp-22203,22,222038,沼津市,ぬまづし,city,municipality,,current,https://www.city.numazu.shizuoka.jp/,https://www.pref.shizuoka.jp/sangyoshigoto/kigyoshien/kigyoricchi/1000016/1028378.html
jp-22205,22,222054,熱海市,あたみし,city,municipality,,current,https://www.city.atami.lg.jp/,https://www.pref.shizuoka.jp/sangyoshigoto/kigyoshien/kigyoricchi/1000016/1028378.html
jp-22206,22,222062,三島市,みしまし,city,municipality,,current,https://www.city.mishima.shizuoka.jp/,https://www.pref.shizuoka.jp/sangyoshigoto/kigyoshien/kigyoricchi/1000016/1028378.html
jp-22207,22,222070,富士宮市,ふじのみやし,city,municipality,,current,https://www.city.fujinomiya.lg.jp/,https://www.pref.shizuoka.jp/sangyoshigoto/kigyoshien/kigyoricchi/1000016/1028378.html
jp-22208,22,222089,伊東市,いとうし,city,municipality,,current,https://www.city.ito.shizuoka.jp/,https://www.pref.shizuoka.jp/sangyoshigoto/kigyoshien/kigyoricchi/1000016/1028378.html
jp-22209,22,222097,島田市,しまだし,city,municipality,,current,https://www.city.shimada.shizuoka.jp/,https://www.pref.shizuoka.jp/sangyoshigoto/kigyoshien/kigyoricchi/1000016/1028378.html
jp-22210,22,222100,富士市,ふじし,city,municipality,,current,https://www.city.fuji.shizuoka.jp/,https://www.pref.shizuoka.jp/sangyoshigoto/kigyoshien/kigyoricchi/1000016/1028378.html
jp-22211,22,222119,磐田市,いわたし,city,municipality,,current,https://www.city.iwata.shizuoka.jp/,https://www.pref.shizuoka.jp/sangyoshigoto/kigyoshien/kigyoricchi/1000016/1028378.html
jp-22212,22,222127,焼津市,やいづし,city,municipality,,current,https://www.city.yaizu.lg.jp/,https://www.pref.shizuoka.jp/sangyoshigoto/kigyoshien/kigyoricchi/1000016/1028378.html
jp-22213,22,222135,掛川市,かけがわし,city,municipality,,current,https://www.city.kakegawa.shizuoka.jp/,https://www.pref.shizuoka.jp/sangyoshigoto/kigyoshien/kigyoricchi/1000016/1028378.html
jp-22214,22,222143,藤枝市,ふじえだし,city,municipality,,current,https://www.city.fujieda.shizuoka.jp/,https://www.pref.shizuoka.jp/sangyoshigoto/kigyoshien/kigyoricchi/1000016/1028378.html
jp-22215,22,222151,御殿場市,ごてんばし,city,municipality,,current,https://www.city.gotemba.lg.jp/,https://www.pref.shizuoka.jp/sangyoshigoto/kigyoshien/kigyoricchi/1000016/1028378.html
jp-22216,22,222160,袋井市,ふくろいし,city,municipality,,current,https://www.city.fukuroi.shizuoka.jp/,https://www.pref.shizuoka.jp/sangyoshigoto/kigyoshien/kigyoricchi/1000016/1028378.html
jp-22219,22,222194,下田市,しもだし,city,municipality,,current,https://www.city.shimoda.shizuoka.jp/,https://www.pref.shizuoka.jp/sangyoshigoto/kigyoshien/kigyoricchi/1000016/1028378.html
jp-22220,22,222208,裾野市,すそのし,city,municipality,,current,https://www.city.susono.shizuoka.jp/,https://www.pref.shizuoka.jp/sangyoshigoto/kigyoshien/kigyoricchi/1000016/1028378.html
jp-22221,22,222216,湖西市,こさいし,city,municipality,,current,https://www.city.kosai.shizuoka.jp/,https://www.pref.shizuoka.jp/sangyoshigoto/kigyoshien/kigyoricchi/1000016/1028378.html
jp-22222,22,222224,伊豆市,いずし,city,municipality,,current,https://www.city.izu.shizuoka.jp/,https://www.pref.shizuoka.jp/sangyoshigoto/kigyoshien/kigyoricchi/1000016/1028378.html
jp-22223,22,222232,御前崎市,おまえざきし,city,municipality,,current,https://www.city.omaezaki.shizuoka.jp/,https://www.pref.shizuoka.jp/sangyoshigoto/kigyoshien/kigyoricchi/1000016/1028378.html
jp-22224,22,222240,菊川市,きくがわし,city,municipality,,current,https://www.city.kikugawa.shizuoka.jp/,https://www.pref.shizuoka.jp/sangyoshigoto/kigyoshien/kigyoricchi/1000016/1028378.html
jp-22225,22,222259,伊豆の国市,いずのくにし,city,municipality,,current,https://www.city.izunokuni.shizuoka.jp/,https://www.pref.shizuoka.jp/sangyoshigoto/kigyoshien/kigyoricchi/1000016/1028378.html
jp-22226,22,222267,牧之原市,まきのはらし,city,municipality,,current,https://www.city.makinohara.shizuoka.jp/,https://www.pref.shizuoka.jp/sangyoshigoto/kigyoshien/kigyoricchi/1000016/1028378.html
jp-22301,22,223018,東伊豆町,ひがしいずちょう,town,municipality,,current,https://www.town.higashiizu.lg.jp/,https://www.pref.shizuoka.jp/sangyoshigoto/kigyoshien/kigyoricchi/1000016/1028378.html
jp-22302,22,223026,河津町,かわづちょう,town,municipality,,current,https://www.town.kawazu.shizuoka.jp/,https://www.pref.shizuoka.jp/sangyoshigoto/kigyoshien/kigyoricchi/1000016/1028378.html
jp-22304,22,223042,南伊豆町,みなみいずちょう,town,municipality,,current,https://www.town.minamiizu.shizuoka.jp/,https://www.pref.shizuoka.jp/sangyoshigoto/kigyoshien/kigyoricchi/1000016/1028378.html
jp-22305,22,223050,松崎町,まつざきちょう,town,municipality,,current,https://www.town.matsuzaki.shizuoka.jp/,https://www.pref.shizuoka.jp/sangyoshigoto/kigyoshien/kigyoricchi/1000016/1028378.html
jp-22306,22,223069,西伊豆町,にしいずちょう,town,municipality,,current,https://www.town.nishiizu.shizuoka.jp/,https://www.pref.shizuoka.jp/sangyoshigoto/kigyoshien/kigyoricchi/1000016/1028378.html
jp-22325,22,223255,函南町,かんなみちょう,town,municipality,,current,https://www.town.kannami.shizuoka.jp/,https://www.pref.shizuoka.jp/sangyoshigoto/kigyoshien/kigyoricchi/1000016/1028378.html
jp-22341,22,223417,清水町,しみずちょう,town,municipality,,current,https://www.town.shimizu.shizuoka.jp/,https://www.pref.shizuoka.jp/sangyoshigoto/kigyoshien/kigyoricchi/1000016/1028378.html
jp-22342,22,223425,長泉町,ながいずみちょう,town,municipality,,current,https://www.town.nagaizumi.lg.jp/,https://www.pref.shizuoka.jp/sangyoshigoto/kigyoshien/kigyoricchi/1000016/1028378.html
jp-22344,22,223441,小山町,おやまちょう,town,municipality,,current,https://www.fuji-oyama.jp/,https://www.pref.shizuoka.jp/sangyoshigoto/kigyoshien/kigyoricchi/1000016/1028378.html
jp-22424,22,224243,吉田町,よしだちょう,town,municipality,,current,https://www.town.yoshida.shizuoka.jp/,https://www.pref.shizuoka.jp/sangyoshigoto/kigyoshien/kigyoricchi/1000016/1028378.html
jp-22429,22,224294,川根本町,かわねほんちょう,town,municipality,,current,https://www.town.kawanehon.shizuoka.jp/,https://www.pref.shizuoka.jp/sangyoshigoto/kigyoshien/kigyoricchi/1000016/1028378.html
jp-22461,22,224618,森町,もりまち,town,municipality,,current,https://www.town.morimachi.shizuoka.jp/,https://www.pref.shizuoka.jp/sangyoshigoto/kigyoshien/kigyoricchi/1000016/1028378.html
jp-23100,23,231002,名古屋市,なごやし,city,municipality,,current,https://www.city.nagoya.jp/,https://www.city.nagoya.jp/
jp-23101,23,231010,千種区,ちくさく,administrative_ward,administrative_ward,名古屋市,current,,https://www.e-stat.go.jp/municipalities/cities/areacode?page=54
jp-23102,23,231029,東区,ひがしく,administrative_ward,administrative_ward,名古屋市,current,,https://www.e-stat.go.jp/municipalities/cities/areacode?page=54
jp-23103,23,231037,北区,きたく,administrative_ward,administrative_ward,名古屋市,current,,https://www.e-stat.go.jp/municipalities/cities/areacode?page=54
jp-23104,23,231045,西区,にしく,administrative_ward,administrative_ward,名古屋市,current,,https://www.e-stat.go.jp/municipalities/cities/areacode?page=54
jp-23105,23,231053,中村区,なかむらく,administrative_ward,administrative_ward,名古屋市,current,,https://www.e-stat.go.jp/municipalities/cities/areacode?page=54
jp-23106,23,231061,中区,なかく,administrative_ward,administrative_ward,名古屋市,current,,https://www.e-stat.go.jp/municipalities/cities/areacode?page=54
jp-23107,23,231070,昭和区,しょうわく,administrative_ward,administrative_ward,名古屋市,current,,https://www.e-stat.go.jp/municipalities/cities/areacode?page=54
jp-23108,23,231088,瑞穂区,みずほく,administrative_ward,administrative_ward,名古屋市,current,,https://www.e-stat.go.jp/municipalities/cities/areacode?page=54
jp-23109,23,231096,熱田区,あつたく,administrative_ward,administrative_ward,名古屋市,current,,https://www.e-stat.go.jp/municipalities/cities/areacode?page=54
jp-23110,23,231100,中川区,なかがわく,administrative_ward,administrative_ward,名古屋市,current,,https://www.e-stat.go.jp/municipalities/cities/areacode?page=54
jp-23111,23,231118,港区,みなとく,administrative_ward,administrative_ward,名古屋市,current,,https://www.e-stat.go.jp/municipalities/cities/areacode?page=54
jp-23112,23,231126,南区,みなみく,administrative_ward,administrative_ward,名古屋市,current,,https://www.e-stat.go.jp/municipalities/cities/areacode?page=54
jp-23113,23,231134,守山区,もりやまく,administrative_ward,administrative_ward,名古屋市,current,,https://www.e-stat.go.jp/municipalities/cities/areacode?page=54
jp-23114,23,231142,緑区,みどりく,administrative_ward,administrative_ward,名古屋市,current,,https://www.e-stat.go.jp/municipalities/cities/areacode?page=54
jp-23115,23,231150,名東区,めいとうく,administrative_ward,administrative_ward,名古屋市,current,,https://www.e-stat.go.jp/municipalities/cities/areacode?page=54
jp-23116,23,231169,天白区,てんぱくく,administrative_ward,administrative_ward,名古屋市,current,,https://www.e-stat.go.jp/municipalities/cities/areacode?page=55
jp-23201,23,232017,豊橋市,とよはしし,city,municipality,,current,https://www.city.toyohashi.lg.jp/,https://www.city.toyohashi.lg.jp/
jp-23202,23,232025,岡崎市,おかざきし,city,municipality,,current,https://www.city.okazaki.lg.jp/,https://www.city.okazaki.lg.jp/
jp-23203,23,232033,一宮市,いちのみやし,city,municipality,,current,https://www.city.ichinomiya.aichi.jp/,https://www.city.ichinomiya.aichi.jp/
jp-23204,23,232041,瀬戸市,せとし,city,municipality,,current,https://www.city.seto.aichi.jp/,https://www.city.seto.aichi.jp/
jp-23205,23,232050,半田市,はんだし,city,municipality,,current,https://www.city.handa.lg.jp/,https://www.city.handa.lg.jp/
jp-23206,23,232068,春日井市,かすがいし,city,municipality,,current,https://www.city.kasugai.lg.jp/,https://www.city.kasugai.lg.jp/
jp-23207,23,232076,豊川市,とよかわし,city,municipality,,current,https://www.city.toyokawa.lg.jp/,https://www.city.toyokawa.lg.jp/
jp-23208,23,232084,津島市,つしまし,city,municipality,,current,https://www.city.tsushima.lg.jp/,https://www.city.tsushima.lg.jp/
jp-23209,23,232092,碧南市,へきなんし,city,municipality,,current,https://www.city.hekinan.lg.jp/,https://www.city.hekinan.lg.jp/
jp-23210,23,232106,刈谷市,かりやし,city,municipality,,current,https://www.city.kariya.lg.jp/,https://www.city.kariya.lg.jp/
jp-23211,23,232114,豊田市,とよたし,city,municipality,,current,https://www.city.toyota.aichi.jp/,https://www.city.toyota.aichi.jp/
jp-23212,23,232122,安城市,あんじょうし,city,municipality,,current,https://www.city.anjo.aichi.jp/,https://www.city.anjo.aichi.jp/
jp-23213,23,232130,西尾市,にしおし,city,municipality,,current,https://www.city.nishio.aichi.jp/,https://www.city.nishio.aichi.jp/
jp-23214,23,232149,蒲郡市,がまごおりし,city,municipality,,current,https://www.city.gamagori.lg.jp/,https://www.city.gamagori.lg.jp/
jp-23215,23,232157,犬山市,いぬやまし,city,municipality,,current,https://www.city.inuyama.aichi.jp/,https://www.city.inuyama.aichi.jp/
jp-23216,23,232165,常滑市,とこなめし,city,municipality,,current,https://www.city.tokoname.aichi.jp/,https://www.city.tokoname.aichi.jp/
jp-23217,23,232173,江南市,こうなんし,city,municipality,,current,https://www.city.konan.lg.jp/,https://www.city.konan.lg.jp/
jp-23219,23,232190,小牧市,こまきし,city,municipality,,current,https://www.city.komaki.aichi.jp/,https://www.city.komaki.aichi.jp/
jp-23220,23,232203,稲沢市,いなざわし,city,municipality,,current,https://www.city.inazawa.aichi.jp/,https://www.city.inazawa.aichi.jp/
jp-23221,23,232211,新城市,しんしろし,city,municipality,,current,https://www.city.shinshiro.lg.jp/,https://www.city.shinshiro.lg.jp/
jp-23222,23,232220,東海市,とうかいし,city,municipality,,current,https://www.city.tokai.aichi.jp/,https://www.city.tokai.aichi.jp/
jp-23223,23,232238,大府市,おおぶし,city,municipality,,current,https://www.city.obu.aichi.jp/,https://www.city.obu.aichi.jp/
jp-23224,23,232246,知多市,ちたし,city,municipality,,current,https://www.city.chita.lg.jp/,https://www.city.chita.lg.jp/
jp-23225,23,232254,知立市,ちりゅうし,city,municipality,,current,https://www.city.chiryu.aichi.jp/,https://www.city.chiryu.aichi.jp/
jp-23226,23,232262,尾張旭市,おわりあさひし,city,municipality,,current,https://www.city.owariasahi.lg.jp/,https://www.city.owariasahi.lg.jp/
jp-23227,23,232270,高浜市,たかはまし,city,municipality,,current,https://www.city.takahama.lg.jp/,https://www.city.takahama.lg.jp/
jp-23228,23,232289,岩倉市,いわくらし,city,municipality,,current,https://www.city.iwakura.aichi.jp/,https://www.city.iwakura.aichi.jp/
jp-23229,23,232297,豊明市,とよあけし,city,municipality,,current,https://www.city.toyoake.lg.jp/,https://www.city.toyoake.lg.jp/
jp-23230,23,232300,日進市,にっしんし,city,municipality,,current,https://www.city.nisshin.lg.jp/,https://www.city.nisshin.lg.jp/
jp-23231,23,232319,田原市,たはらし,city,municipality,,current,https://www.city.tahara.aichi.jp/,https://www.city.tahara.aichi.jp/
jp-23232,23,232327,愛西市,あいさいし,city,municipality,,current,https://www.city.aisai.lg.jp/,https://www.city.aisai.lg.jp/
jp-23233,23,232335,清須市,きよすし,city,municipality,,current,https://www.city.kiyosu.aichi.jp/,https://www.city.kiyosu.aichi.jp/
jp-23234,23,232343,北名古屋市,きたなごやし,city,municipality,,current,https://www.city.kitanagoya.lg.jp/,https://www.city.kitanagoya.lg.jp/
jp-23235,23,232351,弥富市,やとみし,city,municipality,,current,https://www.city.yatomi.lg.jp/,https://www.city.yatomi.lg.jp/
jp-23236,23,232360,みよし市,みよしし,city,municipality,,current,https://www.city.aichi-miyoshi.lg.jp/,https://www.city.aichi-miyoshi.lg.jp/
jp-23237,23,232378,あま市,あまし,city,municipality,,current,https://www.city.ama.aichi.jp/,https://www.city.ama.aichi.jp/
jp-23238,23,232386,長久手市,ながくてし,city,municipality,,current,https://www.city.nagakute.lg.jp/,https://www.city.nagakute.lg.jp/
jp-23302,23,233021,東郷町,とうごうちょう,town,municipality,,current,https://www.town.aichi-togo.lg.jp/,https://www.town.aichi-togo.lg.jp/
jp-23342,23,233420,豊山町,とよやまちょう,town,municipality,,current,https://www.town.toyoyama.lg.jp/,https://www.town.toyoyama.lg.jp/
jp-23361,23,233617,大口町,おおぐちちょう,town,municipality,,current,https://www.town.oguchi.lg.jp/,https://www.town.oguchi.lg.jp/
jp-23362,23,233625,扶桑町,ふそうちょう,town,municipality,,current,https://www.town.fuso.lg.jp/,https://www.town.fuso.lg.jp/
jp-23424,23,234249,大治町,おおはるちょう,town,municipality,,current,https://www.town.oharu.aichi.jp/,https://www.town.oharu.aichi.jp/
jp-23425,23,234257,蟹江町,かにえちょう,town,municipality,,current,https://www.town.kanie.aichi.jp/,https://www.town.kanie.aichi.jp/
jp-23427,23,234273,飛島村,とびしまむら,village,municipality,,current,https://www.vill.tobishima.aichi.jp/,https://www.vill.tobishima.aichi.jp/
jp-23441,23,234419,阿久比町,あぐいちょう,town,municipality,,current,https://www.town.agui.lg.jp/,https://www.town.agui.lg.jp/
jp-23442,23,234427,東浦町,ひがしうらちょう,town,municipality,,current,https://www.town.aichi-higashiura.lg.jp/,https://www.town.aichi-higashiura.lg.jp/
jp-23445,23,234451,南知多町,みなみちたちょう,town,municipality,,current,https://www.town.minamichita.lg.jp/,https://www.town.minamichita.lg.jp/
jp-23446,23,234460,美浜町,みはまちょう,town,municipality,,current,https://www.town.aichi-mihama.lg.jp/,https://www.town.aichi-mihama.lg.jp/
jp-23447,23,234478,武豊町,たけとよちょう,town,municipality,,current,https://www.town.taketoyo.lg.jp/,https://www.town.taketoyo.lg.jp/
jp-23501,23,235016,幸田町,こうたちょう,town,municipality,,current,https://www.town.kota.lg.jp/,https://www.town.kota.lg.jp/
jp-23561,23,235610,設楽町,したらちょう,town,municipality,,current,https://www.town.shitara.lg.jp/,https://www.town.shitara.lg.jp/
jp-23562,23,235628,東栄町,とうえいちょう,town,municipality,,current,https://www.town.toei.aichi.jp/,https://www.town.toei.aichi.jp/
jp-23563,23,235636,豊根村,とよねむら,village,municipality,,current,https://www.vill.toyone.aichi.jp/,https://www.vill.toyone.aichi.jp/
jp-24201,24,242012,津市,つし,city,municipality,,current,https://www.info.city.tsu.mie.jp/,https://www.info.city.tsu.mie.jp/
jp-24202,24,242020,四日市市,よっかいちし,city,municipality,,current,https://www.city.yokkaichi.lg.jp/,https://www.city.yokkaichi.lg.jp/
jp-24203,24,242039,伊勢市,いせし,city,municipality,,current,https://www.city.ise.mie.jp/,https://www.city.ise.mie.jp/
jp-24204,24,242047,松阪市,まつさかし,city,municipality,,current,https://www.city.matsusaka.mie.jp/,https://www.city.matsusaka.mie.jp/
jp-24205,24,242055,桑名市,くわなし,city,municipality,,current,https://www.city.kuwana.lg.jp/,https://www.city.kuwana.lg.jp/
jp-24207,24,242071,鈴鹿市,すずかし,city,municipality,,current,https://www.city.suzuka.lg.jp/,https://www.city.suzuka.lg.jp/
jp-24208,24,242080,名張市,なばりし,city,municipality,,current,https://www.city.nabari.lg.jp/,https://www.city.nabari.lg.jp/
jp-24209,24,242098,尾鷲市,おわせし,city,municipality,,current,https://www.city.owase.lg.jp/,https://www.city.owase.lg.jp/
jp-24210,24,242101,亀山市,かめやまし,city,municipality,,current,https://www.city.kameyama.mie.jp/,https://www.city.kameyama.mie.jp/
jp-24211,24,242110,鳥羽市,とばし,city,municipality,,current,https://www.city.toba.mie.jp/,https://www.city.toba.mie.jp/
jp-24212,24,242128,熊野市,くまのし,city,municipality,,current,https://www.city.kumano.lg.jp/,https://www.city.kumano.lg.jp/
jp-24214,24,242144,いなべ市,いなべし,city,municipality,,current,https://www.city.inabe.mie.jp/,https://www.city.inabe.mie.jp/
jp-24215,24,242152,志摩市,しまし,city,municipality,,current,https://www.city.shima.mie.jp/,https://www.city.shima.mie.jp/
jp-24216,24,242160,伊賀市,いがし,city,municipality,,current,https://www.city.iga.lg.jp/,https://www.city.iga.lg.jp/
jp-24303,24,243035,木曽岬町,きそさきちょう,town,municipality,,current,https://www.town.kisosaki.lg.jp/,https://www.town.kisosaki.lg.jp/
jp-24324,24,243248,東員町,とういんちょう,town,municipality,,current,https://www.town.toin.lg.jp/,https://www.town.toin.lg.jp/
jp-24341,24,243418,菰野町,こものちょう,town,municipality,,current,https://www2.town.komono.mie.jp/,https://www2.town.komono.mie.jp/
jp-24343,24,243434,朝日町,あさひちょう,town,municipality,,current,https://www2.town.asahi.mie.jp/www/index.html,https://www2.town.asahi.mie.jp/www/index.html
jp-24344,24,243442,川越町,かわごえちょう,town,municipality,,current,https://www.town.kawagoe.mie.jp/,https://www.town.kawagoe.mie.jp/
jp-24441,24,244414,多気町,たきちょう,town,municipality,,current,https://www.town.taki.mie.jp/,https://www.town.taki.mie.jp/
jp-24442,24,244422,明和町,めいわちょう,town,municipality,,current,https://www.town.meiwa.mie.jp/,https://www.town.meiwa.mie.jp/
jp-24443,24,244430,大台町,おおだいちょう,town,municipality,,current,https://www.odaitown.jp/,https://www.odaitown.jp/
jp-24461,24,244619,玉城町,たまきちょう,town,municipality,,current,https://kizuna.town.tamaki.mie.jp/,https://kizuna.town.tamaki.mie.jp/
jp-24470,24,244708,度会町,わたらいちょう,town,municipality,,current,https://www.town.watarai.lg.jp/,https://www.town.watarai.lg.jp/
jp-24471,24,244716,大紀町,たいきちょう,town,municipality,,current,https://www.town.taiki.mie.jp/,https://www.town.taiki.mie.jp/
jp-24472,24,244724,南伊勢町,みなみいせちょう,town,municipality,,current,https://www.town.minamiise.lg.jp/,https://www.town.minamiise.lg.jp/
jp-24543,24,245437,紀北町,きほくちょう,town,municipality,,current,https://www.town.mie-kihoku.lg.jp/,https://www.town.mie-kihoku.lg.jp/
jp-24561,24,245615,御浜町,みはまちょう,town,municipality,,current,https://www.town.mihama.mie.jp/,https://www.town.mihama.mie.jp/
jp-24562,24,245623,紀宝町,きほうちょう,town,municipality,,current,https://www.town.kiho.lg.jp/,https://www.town.kiho.lg.jp/
jp-25201,25,252018,大津市,おおつし,city,municipality,,current,https://www.city.otsu.lg.jp/,https://www.city.otsu.lg.jp/
jp-25202,25,252026,彦根市,ひこねし,city,municipality,,current,https://www.city.hikone.lg.jp/,https://www.city.hikone.lg.jp/
jp-25203,25,252034,長浜市,ながはまし,city,municipality,,current,https://www.city.nagahama.lg.jp/,https://www.city.nagahama.lg.jp/
jp-25204,25,252042,近江八幡市,おうみはちまんし,city,municipality,,current,https://www.city.omihachiman.lg.jp/,https://www.city.omihachiman.lg.jp/
jp-25206,25,252069,草津市,くさつし,city,municipality,,current,https://www.city.kusatsu.shiga.jp/,https://www.city.kusatsu.shiga.jp/
jp-25207,25,252077,守山市,もりやまし,city,municipality,,current,https://www.city.moriyama.lg.jp/,https://www.city.moriyama.lg.jp/
jp-25208,25,252085,栗東市,りっとうし,city,municipality,,current,https://www.city.ritto.lg.jp/,https://www.city.ritto.lg.jp/
jp-25209,25,252093,甲賀市,こうかし,city,municipality,,current,https://www.city.koka.lg.jp/,https://www.city.koka.lg.jp/
jp-25210,25,252107,野洲市,やすし,city,municipality,,current,https://www.city.yasu.lg.jp/,https://www.city.yasu.lg.jp/
jp-25211,25,252115,湖南市,こなんし,city,municipality,,current,https://www.city.shiga-konan.lg.jp/,https://www.city.shiga-konan.lg.jp/
jp-25212,25,252123,高島市,たかしまし,city,municipality,,current,https://www.city.takashima.lg.jp/,https://www.city.takashima.lg.jp/
jp-25213,25,252131,東近江市,ひがしおうみし,city,municipality,,current,https://www.city.higashiomi.shiga.jp/,https://www.city.higashiomi.shiga.jp/
jp-25214,25,252140,米原市,まいばらし,city,municipality,,current,https://www.city.maibara.lg.jp/,https://www.city.maibara.lg.jp/
jp-25383,25,253839,日野町,ひのちょう,town,municipality,,current,https://www.town.shiga-hino.lg.jp/,https://www.town.shiga-hino.lg.jp/
jp-25384,25,253847,竜王町,りゅうおうちょう,town,municipality,,current,https://www.town.ryuoh.shiga.jp/,https://www.town.ryuoh.shiga.jp/
jp-25425,25,254258,愛荘町,あいしょうちょう,town,municipality,,current,https://www.town.aisho.shiga.jp/,https://www.town.aisho.shiga.jp/
jp-25441,25,254410,豊郷町,とよさとちょう,town,municipality,,current,https://www.town.toyosato.shiga.jp/,https://www.town.toyosato.shiga.jp/
jp-25442,25,254428,甲良町,こうらちょう,town,municipality,,current,https://www.kouratown.jp/,https://www.kouratown.jp/
jp-25443,25,254436,多賀町,たがちょう,town,municipality,,current,https://www.town.taga.lg.jp/,https://www.town.taga.lg.jp/
jp-26100,26,261009,京都市,きょうとし,city,municipality,,current,https://www.city.kyoto.lg.jp/,https://www.city.kyoto.lg.jp/
jp-26101,26,261017,北区,きたく,administrative_ward,administrative_ward,京都市,current,,https://www.e-stat.go.jp/municipalities/cities/areacode?page=60
jp-26102,26,261025,上京区,かみぎょうく,administrative_ward,administrative_ward,京都市,current,,https://www.e-stat.go.jp/municipalities/cities/areacode?page=60
jp-26103,26,261033,左京区,さきょうく,administrative_ward,administrative_ward,京都市,current,,https://www.e-stat.go.jp/municipalities/cities/areacode?page=60
jp-26104,26,261041,中京区,なかぎょうく,administrative_ward,administrative_ward,京都市,current,,https://www.e-stat.go.jp/municipalities/cities/areacode?page=60
jp-26105,26,261050,東山区,ひがしやまく,administrative_ward,administrative_ward,京都市,current,,https://www.e-stat.go.jp/municipalities/cities/areacode?page=60
jp-26106,26,261068,下京区,しもぎょうく,administrative_ward,administrative_ward,京都市,current,,https://www.e-stat.go.jp/municipalities/cities/areacode?page=60
jp-26107,26,261076,南区,みなみく,administrative_ward,administrative_ward,京都市,current,,https://www.e-stat.go.jp/municipalities/cities/areacode?page=60
jp-26108,26,261084,右京区,うきょうく,administrative_ward,administrative_ward,京都市,current,,https://www.e-stat.go.jp/municipalities/cities/areacode?page=60
jp-26109,26,261092,伏見区,ふしみく,administrative_ward,administrative_ward,京都市,current,,https://www.e-stat.go.jp/municipalities/cities/areacode?page=60
jp-26110,26,261106,山科区,やましなく,administrative_ward,administrative_ward,京都市,current,,https://www.e-stat.go.jp/municipalities/cities/areacode?page=60
jp-26111,26,261114,西京区,にしきょうく,administrative_ward,administrative_ward,京都市,current,,https://www.e-stat.go.jp/municipalities/cities/areacode?page=60
jp-26201,26,262013,福知山市,ふくちやまし,city,municipality,,current,https://www.city.fukuchiyama.lg.jp/,https://www.city.fukuchiyama.lg.jp/
jp-26202,26,262021,舞鶴市,まいづるし,city,municipality,,current,https://www.city.maizuru.kyoto.jp/,https://www.city.maizuru.kyoto.jp/
jp-26203,26,262030,綾部市,あやべし,city,municipality,,current,https://www.city.ayabe.lg.jp/,https://www.city.ayabe.lg.jp/
jp-26204,26,262048,宇治市,うじし,city,municipality,,current,https://www.city.uji.kyoto.jp/,https://www.city.uji.kyoto.jp/
jp-26205,26,262056,宮津市,みやづし,city,municipality,,current,https://www.city.miyazu.kyoto.jp/,https://www.city.miyazu.kyoto.jp/
jp-26206,26,262064,亀岡市,かめおかし,city,municipality,,current,https://www.city.kameoka.kyoto.jp/,https://www.city.kameoka.kyoto.jp/
jp-26207,26,262072,城陽市,じょうようし,city,municipality,,current,https://www.city.joyo.kyoto.jp/,https://www.city.joyo.kyoto.jp/
jp-26208,26,262080,向日市,むこうし,city,municipality,,current,https://www.city.muko.kyoto.jp/,https://www.city.muko.kyoto.jp/
jp-26209,26,262099,長岡京市,ながおかきょうし,city,municipality,,current,https://www.city.nagaokakyo.lg.jp/,https://www.city.nagaokakyo.lg.jp/
jp-26210,26,262102,八幡市,やわたし,city,municipality,,current,https://www.city.yawata.kyoto.jp/,https://www.city.yawata.kyoto.jp/
jp-26211,26,262110,京田辺市,きょうたなべし,city,municipality,,current,https://www.city.kyotanabe.lg.jp/,https://www.city.kyotanabe.lg.jp/
jp-26212,26,262129,京丹後市,きょうたんごし,city,municipality,,current,https://www.city.kyotango.lg.jp/,https://www.city.kyotango.lg.jp/
jp-26213,26,262137,南丹市,なんたんし,city,municipality,,current,https://www.city.nantan.kyoto.jp/,https://www.city.nantan.kyoto.jp/
jp-26214,26,262145,木津川市,きづがわし,city,municipality,,current,https://www.city.kizugawa.lg.jp/,https://www.city.kizugawa.lg.jp/
jp-26303,26,263036,大山崎町,おおやまざきちょう,town,municipality,,current,https://www.town.oyamazaki.kyoto.jp/,https://www.town.oyamazaki.kyoto.jp/
jp-26322,26,263222,久御山町,くみやまちょう,town,municipality,,current,https://www.town.kumiyama.kyoto.jp/,https://www.town.kumiyama.kyoto.jp/
jp-26343,26,263435,井手町,いでちょう,town,municipality,,current,https://www.town.ide.kyoto.jp/,https://www.town.ide.kyoto.jp/
jp-26344,26,263443,宇治田原町,うじたわらちょう,town,municipality,,current,https://www.town.ujitawara.kyoto.jp/,https://www.town.ujitawara.kyoto.jp/
jp-26364,26,263648,笠置町,かさぎちょう,town,municipality,,current,https://www.town.kasagi.lg.jp/,https://www.town.kasagi.lg.jp/
jp-26365,26,263656,和束町,わづかちょう,town,municipality,,current,https://www.town.wazuka.lg.jp/,https://www.town.wazuka.lg.jp/
jp-26366,26,263664,精華町,せいかちょう,town,municipality,,current,https://www.town.seika.kyoto.jp/,https://www.town.seika.kyoto.jp/
jp-26367,26,263672,南山城村,みなみやましろむら,village,municipality,,current,https://www.vill.minamiyamashiro.lg.jp/,https://www.vill.minamiyamashiro.lg.jp/
jp-26407,26,264075,京丹波町,きょうたんばちょう,town,municipality,,current,https://www.town.kyotamba.kyoto.jp/,https://www.town.kyotamba.kyoto.jp/
jp-26463,26,264636,伊根町,いねちょう,town,municipality,,current,https://www.town.ine.kyoto.jp/,https://www.town.ine.kyoto.jp/
jp-26465,26,264652,与謝野町,よさのちょう,town,municipality,,current,https://www.town.yosano.lg.jp/,https://www.town.yosano.lg.jp/
jp-27100,27,271004,大阪市,おおさかし,city,municipality,,current,https://www.city.osaka.lg.jp/,https://www.e-stat.go.jp/municipalities/cities/areacode?page=61
jp-27102,27,271020,都島区,みやこじまく,administrative_ward,administrative_ward,大阪市,current,,https://www.e-stat.go.jp/municipalities/cities/areacode?page=62
jp-27103,27,271039,福島区,ふくしまく,administrative_ward,administrative_ward,大阪市,current,,https://www.e-stat.go.jp/municipalities/cities/areacode?page=62
jp-27104,27,271047,此花区,このはなく,administrative_ward,administrative_ward,大阪市,current,,https://www.e-stat.go.jp/municipalities/cities/areacode?page=62
jp-27106,27,271063,西区,にしく,administrative_ward,administrative_ward,大阪市,current,,https://www.e-stat.go.jp/municipalities/cities/areacode?page=62
jp-27107,27,271071,港区,みなとく,administrative_ward,administrative_ward,大阪市,current,,https://www.e-stat.go.jp/municipalities/cities/areacode?page=62
jp-27108,27,271080,大正区,たいしょうく,administrative_ward,administrative_ward,大阪市,current,,https://www.e-stat.go.jp/municipalities/cities/areacode?page=62
jp-27109,27,271098,天王寺区,てんのうじく,administrative_ward,administrative_ward,大阪市,current,,https://www.e-stat.go.jp/municipalities/cities/areacode?page=62
jp-27111,27,271110,浪速区,なにわく,administrative_ward,administrative_ward,大阪市,current,,https://www.e-stat.go.jp/municipalities/cities/areacode?page=62
jp-27113,27,271136,西淀川区,にしよどがわく,administrative_ward,administrative_ward,大阪市,current,,https://www.e-stat.go.jp/municipalities/cities/areacode?page=62
jp-27114,27,271144,東淀川区,ひがしよどがわく,administrative_ward,administrative_ward,大阪市,current,,https://www.e-stat.go.jp/municipalities/cities/areacode?page=62
jp-27115,27,271152,東成区,ひがしなりく,administrative_ward,administrative_ward,大阪市,current,,https://www.e-stat.go.jp/municipalities/cities/areacode?page=62
jp-27116,27,271160,生野区,いくのく,administrative_ward,administrative_ward,大阪市,current,,https://www.e-stat.go.jp/municipalities/cities/areacode?page=62
jp-27117,27,271179,旭区,あさひく,administrative_ward,administrative_ward,大阪市,current,,https://www.e-stat.go.jp/municipalities/cities/areacode?page=62
jp-27118,27,271187,城東区,じょうとうく,administrative_ward,administrative_ward,大阪市,current,,https://www.e-stat.go.jp/municipalities/cities/areacode?page=62
jp-27119,27,271195,阿倍野区,あべのく,administrative_ward,administrative_ward,大阪市,current,,https://www.e-stat.go.jp/municipalities/cities/areacode?page=62
jp-27120,27,271209,住吉区,すみよしく,administrative_ward,administrative_ward,大阪市,current,,https://www.e-stat.go.jp/municipalities/cities/areacode?page=62
jp-27121,27,271217,東住吉区,ひがしすみよしく,administrative_ward,administrative_ward,大阪市,current,,https://www.e-stat.go.jp/municipalities/cities/areacode?page=62
jp-27122,27,271225,西成区,にしなりく,administrative_ward,administrative_ward,大阪市,current,,https://www.e-stat.go.jp/municipalities/cities/areacode?page=62
jp-27123,27,271233,淀川区,よどがわく,administrative_ward,administrative_ward,大阪市,current,,https://www.e-stat.go.jp/municipalities/cities/areacode?page=62
jp-27124,27,271241,鶴見区,つるみく,administrative_ward,administrative_ward,大阪市,current,,https://www.e-stat.go.jp/municipalities/cities/areacode?page=62
jp-27125,27,271250,住之江区,すみのえく,administrative_ward,administrative_ward,大阪市,current,,https://www.e-stat.go.jp/municipalities/cities/areacode?page=63
jp-27126,27,271268,平野区,ひらのく,administrative_ward,administrative_ward,大阪市,current,,https://www.e-stat.go.jp/municipalities/cities/areacode?page=63
jp-27127,27,271276,北区,きたく,administrative_ward,administrative_ward,大阪市,current,,https://www.e-stat.go.jp/municipalities/cities/areacode?page=63
jp-27128,27,271284,中央区,ちゅうおうく,administrative_ward,administrative_ward,大阪市,current,,https://www.e-stat.go.jp/municipalities/cities/areacode?page=63
jp-27140,27,271403,堺市,さかいし,city,municipality,,current,https://www.city.sakai.lg.jp/,https://www.e-stat.go.jp/municipalities/cities/areacode?page=63
jp-27141,27,271411,堺区,さかいく,administrative_ward,administrative_ward,堺市,current,,https://www.e-stat.go.jp/municipalities/cities/areacode?page=63
jp-27142,27,271420,中区,なかく,administrative_ward,administrative_ward,堺市,current,,https://www.e-stat.go.jp/municipalities/cities/areacode?page=63
jp-27143,27,271438,東区,ひがしく,administrative_ward,administrative_ward,堺市,current,,https://www.e-stat.go.jp/municipalities/cities/areacode?page=63
jp-27144,27,271446,西区,にしく,administrative_ward,administrative_ward,堺市,current,,https://www.e-stat.go.jp/municipalities/cities/areacode?page=63
jp-27145,27,271454,南区,みなみく,administrative_ward,administrative_ward,堺市,current,,https://www.e-stat.go.jp/municipalities/cities/areacode?page=63
jp-27146,27,271462,北区,きたく,administrative_ward,administrative_ward,堺市,current,,https://www.e-stat.go.jp/municipalities/cities/areacode?page=63
jp-27147,27,271470,美原区,みはらく,administrative_ward,administrative_ward,堺市,current,,https://www.e-stat.go.jp/municipalities/cities/areacode?page=63
jp-27202,27,272027,岸和田市,きしわだし,city,municipality,,current,https://www.city.kishiwada.osaka.jp/,https://www.e-stat.go.jp/municipalities/cities/areacode?page=63
jp-27203,27,272035,豊中市,とよなかし,city,municipality,,current,https://www.city.toyonaka.osaka.jp/,https://www.e-stat.go.jp/municipalities/cities/areacode?page=63
jp-27204,27,272043,池田市,いけだし,city,municipality,,current,https://www.city.ikeda.osaka.jp/,https://www.city.ikeda.osaka.jp/
jp-27205,27,272051,吹田市,すいたし,city,municipality,,current,https://www.city.suita.osaka.jp/,https://www.e-stat.go.jp/municipalities/cities/areacode?page=63
jp-27206,27,272060,泉大津市,いずみおおつし,city,municipality,,current,https://www.city.izumiotsu.lg.jp/,https://www.e-stat.go.jp/municipalities/cities/areacode?page=63
jp-27207,27,272078,高槻市,たかつきし,city,municipality,,current,https://www.city.takatsuki.osaka.jp/,https://www.e-stat.go.jp/municipalities/cities/areacode?page=63
jp-27208,27,272086,貝塚市,かいづかし,city,municipality,,current,https://www.city.kaizuka.lg.jp/,https://www.city.kaizuka.lg.jp/
jp-27209,27,272094,守口市,もりぐちし,city,municipality,,current,https://www.city.moriguchi.osaka.jp/,https://www.city.moriguchi.osaka.jp/
jp-27210,27,272108,枚方市,ひらかたし,city,municipality,,current,https://www.city.hirakata.osaka.jp/,https://www.e-stat.go.jp/municipalities/cities/areacode?page=64
jp-27211,27,272116,茨木市,いばらきし,city,municipality,,current,https://www.city.ibaraki.osaka.jp/,https://www.city.ibaraki.osaka.jp/
jp-27212,27,272124,八尾市,やおし,city,municipality,,current,https://www.city.yao.osaka.jp/,https://www.e-stat.go.jp/municipalities/cities/areacode?page=64
jp-27213,27,272132,泉佐野市,いずみさのし,city,municipality,,current,https://www.city.izumisano.lg.jp/,https://www.city.izumisano.lg.jp/
jp-27214,27,272140,富田林市,とんだばやしし,city,municipality,,current,https://www.city.tondabayashi.lg.jp/,https://www.city.tondabayashi.lg.jp/
jp-27215,27,272159,寝屋川市,ねやがわし,city,municipality,,current,https://www.city.neyagawa.osaka.jp/,https://www.city.neyagawa.osaka.jp/
jp-27216,27,272167,河内長野市,かわちながのし,city,municipality,,current,https://www.city.kawachinagano.lg.jp/,https://www.city.kawachinagano.lg.jp/
jp-27217,27,272175,松原市,まつばらし,city,municipality,,current,https://www.city.matsubara.lg.jp/,https://www.city.matsubara.lg.jp/
jp-27218,27,272183,大東市,だいとうし,city,municipality,,current,https://www.city.daito.lg.jp/,https://www.e-stat.go.jp/municipalities/cities/areacode?page=64
jp-27219,27,272191,和泉市,いずみし,city,municipality,,current,https://www.city.osaka-izumi.lg.jp/,https://www.e-stat.go.jp/municipalities/cities/areacode?page=64
jp-27220,27,272205,箕面市,みのおし,city,municipality,,current,https://www.city.minoh.lg.jp/,https://www.e-stat.go.jp/municipalities/cities/areacode?page=64
jp-27221,27,272213,柏原市,かしわらし,city,municipality,,current,https://www.city.kashiwara.lg.jp/,https://www.city.kashiwara.lg.jp/
jp-27222,27,272221,羽曳野市,はびきのし,city,municipality,,current,https://www.city.habikino.lg.jp/,https://www.city.habikino.lg.jp/
jp-27223,27,272230,門真市,かどまし,city,municipality,,current,https://www.city.kadoma.osaka.jp/,https://www.city.kadoma.osaka.jp/
jp-27224,27,272248,摂津市,せっつし,city,municipality,,current,https://www.city.settsu.osaka.jp/,https://www.city.settsu.osaka.jp/
jp-27225,27,272256,高石市,たかいしし,city,municipality,,current,https://www.city.takaishi.lg.jp/,https://www.city.takaishi.lg.jp/
jp-27226,27,272264,藤井寺市,ふじいでらし,city,municipality,,current,https://www.city.fujiidera.lg.jp/,https://www.city.fujiidera.lg.jp/
jp-27227,27,272272,東大阪市,ひがしおおさかし,city,municipality,,current,https://www.city.higashiosaka.lg.jp/,https://www.e-stat.go.jp/municipalities/cities/areacode?page=64
jp-27228,27,272280,泉南市,せんなんし,city,municipality,,current,https://www.city.sennan.lg.jp/,https://www.city.sennan.lg.jp/
jp-27229,27,272299,四條畷市,しじょうなわてし,city,municipality,,current,https://www.city.shijonawate.lg.jp/,https://www.e-stat.go.jp/municipalities/cities/areacode?page=64
jp-27230,27,272302,交野市,かたのし,city,municipality,,current,https://www.city.katano.osaka.jp/,https://www.city.katano.osaka.jp/
jp-27231,27,272310,大阪狭山市,おおさかさやまし,city,municipality,,current,https://www.city.osakasayama.osaka.jp/,https://www.e-stat.go.jp/municipalities/cities/areacode?page=65
jp-27232,27,272329,阪南市,はんなんし,city,municipality,,current,https://www.city.hannan.lg.jp/,https://www.city.hannan.lg.jp/
jp-27301,27,273015,島本町,しまもとちょう,town,municipality,,current,https://www.town.shimamoto.lg.jp/,https://www.town.shimamoto.lg.jp/
jp-27321,27,273210,豊能町,とよのちょう,town,municipality,,current,https://www.town.toyono.osaka.jp/,https://www.town.toyono.osaka.jp/
jp-27322,27,273228,能勢町,のせちょう,town,municipality,,current,https://www.town.nose.osaka.jp/,https://www.e-stat.go.jp/municipalities/cities/areacode?page=65
jp-27341,27,273414,忠岡町,ただおかちょう,town,municipality,,current,https://www.town.tadaoka.osaka.jp/,https://www.town.tadaoka.osaka.jp/
jp-27361,27,273619,熊取町,くまとりちょう,town,municipality,,current,https://www.town.kumatori.lg.jp/,https://www.town.kumatori.lg.jp/
jp-27362,27,273627,田尻町,たじりちょう,town,municipality,,current,https://www.town.tajiri.osaka.jp/,https://www.town.tajiri.osaka.jp/
jp-27366,27,273660,岬町,みさきちょう,town,municipality,,current,https://www.town.misaki.osaka.jp/,https://www.town.misaki.osaka.jp/
jp-27381,27,273813,太子町,たいしちょう,town,municipality,,current,https://www.town.taishi.osaka.jp/,https://www.town.taishi.osaka.jp/
jp-27382,27,273821,河南町,かなんちょう,town,municipality,,current,https://www.town.kanan.osaka.jp/,https://www.e-stat.go.jp/municipalities/cities/areacode?page=65
jp-27383,27,273830,千早赤阪村,ちはやあかさかむら,village,municipality,,current,https://www.vill.chihayaakasaka.osaka.jp/,https://www.vill.chihayaakasaka.osaka.jp/
jp-28100,28,281000,神戸市,こうべし,city,municipality,,current,https://www.city.kobe.lg.jp/,https://www.e-stat.go.jp/municipalities/cities/areacode?page=65
jp-28101,28,281018,東灘区,ひがしなだく,administrative_ward,administrative_ward,神戸市,current,,https://www.e-stat.go.jp/municipalities/cities/areacode?page=65
jp-28102,28,281026,灘区,なだく,administrative_ward,administrative_ward,神戸市,current,,https://www.e-stat.go.jp/municipalities/cities/areacode?page=65
jp-28105,28,281050,兵庫区,ひょうごく,administrative_ward,administrative_ward,神戸市,current,,https://www.e-stat.go.jp/municipalities/cities/areacode?page=65
jp-28106,28,281069,長田区,ながたく,administrative_ward,administrative_ward,神戸市,current,,https://www.e-stat.go.jp/municipalities/cities/areacode?page=65
jp-28107,28,281077,須磨区,すまく,administrative_ward,administrative_ward,神戸市,current,,https://www.e-stat.go.jp/municipalities/cities/areacode?page=65
jp-28108,28,281085,垂水区,たるみく,administrative_ward,administrative_ward,神戸市,current,,https://www.e-stat.go.jp/municipalities/cities/areacode?page=65
jp-28109,28,281093,北区,きたく,administrative_ward,administrative_ward,神戸市,current,,https://www.e-stat.go.jp/municipalities/cities/areacode?page=66
jp-28110,28,281107,中央区,ちゅうおうく,administrative_ward,administrative_ward,神戸市,current,,https://www.e-stat.go.jp/municipalities/cities/areacode?page=66
jp-28111,28,281115,西区,にしく,administrative_ward,administrative_ward,神戸市,current,,https://www.e-stat.go.jp/municipalities/cities/areacode?page=66
jp-28201,28,282014,姫路市,ひめじし,city,municipality,,current,https://www.city.himeji.lg.jp/,https://www.city.himeji.lg.jp/
jp-28202,28,282022,尼崎市,あまがさきし,city,municipality,,current,https://www.city.amagasaki.hyogo.jp/,https://www.city.amagasaki.hyogo.jp/
jp-28203,28,282030,明石市,あかしし,city,municipality,,current,https://www.city.akashi.lg.jp/,https://www.city.akashi.lg.jp/
jp-28204,28,282049,西宮市,にしのみやし,city,municipality,,current,https://www.nishi.or.jp/,https://www.e-stat.go.jp/municipalities/cities/areacode?page=66
jp-28205,28,282057,洲本市,すもとし,city,municipality,,current,https://www.city.sumoto.lg.jp/,https://www.city.sumoto.lg.jp/
jp-28206,28,282065,芦屋市,あしやし,city,municipality,,current,https://www.city.ashiya.lg.jp/,https://www.city.ashiya.lg.jp/
jp-28207,28,282073,伊丹市,いたみし,city,municipality,,current,https://www.city.itami.lg.jp/,https://www.city.itami.lg.jp/
jp-28208,28,282081,相生市,あいおいし,city,municipality,,current,https://www.city.aioi.lg.jp/,https://www.city.aioi.lg.jp/
jp-28209,28,282090,豊岡市,とよおかし,city,municipality,,current,https://www.city.toyooka.lg.jp/,https://www.city.toyooka.lg.jp/
jp-28210,28,282103,加古川市,かこがわし,city,municipality,,current,https://www.city.kakogawa.lg.jp/,https://www.city.kakogawa.lg.jp/
jp-28212,28,282120,赤穂市,あこうし,city,municipality,,current,https://www.city.ako.lg.jp/,https://www.e-stat.go.jp/municipalities/cities/areacode?page=66
jp-28213,28,282138,西脇市,にしわきし,city,municipality,,current,https://www.city.nishiwaki.lg.jp/,https://www.city.nishiwaki.lg.jp/
jp-28214,28,282146,宝塚市,たからづかし,city,municipality,,current,https://www.city.takarazuka.hyogo.jp/,https://www.city.takarazuka.hyogo.jp/
jp-28215,28,282154,三木市,みきし,city,municipality,,current,https://www.city.miki.lg.jp/,https://www.city.miki.lg.jp/
jp-28216,28,282162,高砂市,たかさごし,city,municipality,,current,https://www.city.takasago.lg.jp/,https://www.city.takasago.lg.jp/
jp-28217,28,282170,川西市,かわにしし,city,municipality,,current,https://www.city.kawanishi.hyogo.jp/,https://www.city.kawanishi.hyogo.jp/
jp-28218,28,282189,小野市,おのし,city,municipality,,current,https://www.city.ono.hyogo.jp/,https://www.city.ono.hyogo.jp/
jp-28219,28,282197,三田市,さんだし,city,municipality,,current,https://www.city.sanda.lg.jp/,https://www.city.sanda.lg.jp/
jp-28220,28,282200,加西市,かさいし,city,municipality,,current,https://www.city.kasai.hyogo.jp/,https://www.city.kasai.hyogo.jp/
jp-28221,28,282219,丹波篠山市,たんばささやまし,city,municipality,,current,https://www.city.tambasasayama.lg.jp/,https://www.e-stat.go.jp/municipalities/cities/areacode?page=67
jp-28222,28,282227,養父市,やぶし,city,municipality,,current,https://www.city.yabu.hyogo.jp/,https://www.city.yabu.hyogo.jp/
jp-28223,28,282235,丹波市,たんばし,city,municipality,,current,https://www.city.tamba.lg.jp/,https://www.e-stat.go.jp/municipalities/cities/areacode?page=67
jp-28224,28,282243,南あわじ市,みなみあわじし,city,municipality,,current,https://www.city.minamiawaji.hyogo.jp/,https://www.city.minamiawaji.hyogo.jp/
jp-28225,28,282251,朝来市,あさごし,city,municipality,,current,https://www.city.asago.hyogo.jp/,https://www.city.asago.hyogo.jp/
jp-28226,28,282260,淡路市,あわじし,city,municipality,,current,https://www.city.awaji.lg.jp/,https://www.city.awaji.lg.jp/
jp-28227,28,282278,宍粟市,しそうし,city,municipality,,current,https://www.city.shiso.lg.jp/,https://www.e-stat.go.jp/municipalities/cities/areacode?page=67
jp-28228,28,282286,加東市,かとうし,city,municipality,,current,https://www.city.kato.lg.jp/,https://www.e-stat.go.jp/municipalities/cities/areacode?page=67
jp-28229,28,282294,たつの市,たつのし,city,municipality,,current,https://www.city.tatsuno.lg.jp/,https://www.city.tatsuno.lg.jp/
jp-28301,28,283010,猪名川町,いながわちょう,town,municipality,,current,https://www.town.inagawa.lg.jp/,https://www.town.inagawa.lg.jp/
jp-28365,28,283657,多可町,たかちょう,town,municipality,,current,https://www.town.taka.lg.jp/,https://www.e-stat.go.jp/municipalities/cities/areacode?page=67
jp-28381,28,283819,稲美町,いなみちょう,town,municipality,,current,https://www.town.hyogo-inami.lg.jp/,https://www.e-stat.go.jp/municipalities/cities/areacode?page=67
jp-28382,28,283827,播磨町,はりまちょう,town,municipality,,current,https://www.town.harima.lg.jp/,https://www.town.harima.lg.jp/
jp-28442,28,284424,市川町,いちかわちょう,town,municipality,,current,https://www.town.ichikawa.lg.jp/,https://www.town.ichikawa.lg.jp/
jp-28443,28,284432,福崎町,ふくさきちょう,town,municipality,,current,https://www.town.fukusaki.hyogo.jp/,https://www.town.fukusaki.hyogo.jp/
jp-28446,28,284467,神河町,かみかわちょう,town,municipality,,current,https://www.town.kamikawa.hyogo.jp/,https://www.town.kamikawa.hyogo.jp/
jp-28464,28,284645,太子町,たいしちょう,town,municipality,,current,https://www.town.hyogo-taishi.lg.jp/,https://www.e-stat.go.jp/municipalities/cities/areacode?page=67
jp-28481,28,284815,上郡町,かみごおりちょう,town,municipality,,current,https://www.town.kamigori.hyogo.jp/,https://www.e-stat.go.jp/municipalities/cities/areacode?page=67
jp-28501,28,285013,佐用町,さようちょう,town,municipality,,current,https://www.town.sayo.lg.jp/,https://www.e-stat.go.jp/municipalities/cities/areacode?page=68
jp-28585,28,285854,香美町,かみちょう,town,municipality,,current,https://www.town.mikata-kami.lg.jp/,https://www.e-stat.go.jp/municipalities/cities/areacode?page=68
jp-28586,28,285862,新温泉町,しんおんせんちょう,town,municipality,,current,https://www.town.shinonsen.hyogo.jp/,https://www.e-stat.go.jp/municipalities/cities/areacode?page=68
jp-29201,29,292010,奈良市,ならし,city,municipality,,current,https://www.city.nara.lg.jp/,https://www.city.nara.lg.jp/
jp-29202,29,292028,大和高田市,やまとたかだし,city,municipality,,current,https://www.city.yamatotakada.nara.jp/,https://www.city.yamatotakada.nara.jp/
jp-29203,29,292036,大和郡山市,やまとこおりやまし,city,municipality,,current,https://www.city.yamatokoriyama.lg.jp/,https://www.city.yamatokoriyama.lg.jp/
jp-29204,29,292044,天理市,てんりし,city,municipality,,current,https://www.city.tenri.nara.jp/,https://www.city.tenri.nara.jp/
jp-29205,29,292052,橿原市,かしはらし,city,municipality,,current,https://www.city.kashihara.nara.jp/,https://www.city.kashihara.nara.jp/
jp-29206,29,292060,桜井市,さくらいし,city,municipality,,current,https://www.city.sakurai.lg.jp/,https://www.city.sakurai.lg.jp/
jp-29207,29,292079,五條市,ごじょうし,city,municipality,,current,https://www.city.gojo.lg.jp/,https://www.city.gojo.lg.jp/
jp-29208,29,292087,御所市,ごせし,city,municipality,,current,https://www.city.gose.nara.jp/,https://www.city.gose.nara.jp/
jp-29209,29,292095,生駒市,いこまし,city,municipality,,current,https://www.city.ikoma.lg.jp/,https://www.city.ikoma.lg.jp/
jp-29210,29,292109,香芝市,かしばし,city,municipality,,current,https://www.city.kashiba.lg.jp/,https://www.city.kashiba.lg.jp/
jp-29211,29,292117,葛城市,かつらぎし,city,municipality,,current,https://www.city.katsuragi.nara.jp/,https://www.city.katsuragi.nara.jp/
jp-29212,29,292125,宇陀市,うだし,city,municipality,,current,https://www.city.uda.lg.jp/,https://www.city.uda.lg.jp/
jp-29322,29,293229,山添村,やまぞえむら,village,municipality,,current,https://www.vill.yamazoe.nara.jp/,https://www.vill.yamazoe.nara.jp/
jp-29342,29,293423,平群町,へぐりちょう,town,municipality,,current,https://www.town.heguri.nara.jp/,https://www.town.heguri.nara.jp/
jp-29343,29,293431,三郷町,さんごうちょう,town,municipality,,current,https://www.town.sango.nara.jp/,https://www.town.sango.nara.jp/
jp-29344,29,293440,斑鳩町,いかるがちょう,town,municipality,,current,https://www.town.ikaruga.nara.jp/,https://www.town.ikaruga.nara.jp/
jp-29345,29,293458,安堵町,あんどちょう,town,municipality,,current,https://www.town.ando.nara.jp/,https://www.town.ando.nara.jp/
jp-29361,29,293610,川西町,かわにしちょう,town,municipality,,current,https://www.town.nara-kawanishi.lg.jp/,https://www.town.nara-kawanishi.lg.jp/
jp-29362,29,293628,三宅町,みやけちょう,town,municipality,,current,https://www.town.miyake.lg.jp/,https://www.town.miyake.lg.jp/
jp-29363,29,293636,田原本町,たわらもとちょう,town,municipality,,current,https://www.town.tawaramoto.nara.jp/,https://www.town.tawaramoto.nara.jp/
jp-29385,29,293857,曽爾村,そにむら,village,municipality,,current,https://www.vill.soni.nara.jp/,https://www.vill.soni.nara.jp/
jp-29386,29,293865,御杖村,みつえむら,village,municipality,,current,https://www.vill.mitsue.nara.jp/,https://www.vill.mitsue.nara.jp/
jp-29401,29,294012,高取町,たかとりちょう,town,municipality,,current,https://www.town.takatori.nara.jp/,https://www.town.takatori.nara.jp/
jp-29402,29,294020,明日香村,あすかむら,village,municipality,,current,https://www.asukamura.jp/,https://www.asukamura.jp/
jp-29424,29,294241,上牧町,かんまきちょう,town,municipality,,current,https://www.town.kanmaki.nara.jp/,https://www.town.kanmaki.nara.jp/
jp-29425,29,294250,王寺町,おうじちょう,town,municipality,,current,https://www.town.oji.nara.jp/,https://www.town.oji.nara.jp/
jp-29426,29,294268,広陵町,こうりょうちょう,town,municipality,,current,https://www.town.koryo.nara.jp/,https://www.town.koryo.nara.jp/
jp-29427,29,294276,河合町,かわいちょう,town,municipality,,current,https://www.town.kawai.nara.jp/,https://www.town.kawai.nara.jp/
jp-29441,29,294411,吉野町,よしのちょう,town,municipality,,current,https://www.town.yoshino.nara.jp/,https://www.town.yoshino.nara.jp/
jp-29442,29,294420,大淀町,おおよどちょう,town,municipality,,current,https://www.town.oyodo.lg.jp/,https://www.town.oyodo.lg.jp/
jp-29443,29,294438,下市町,しもいちちょう,town,municipality,,current,https://www.town.shimoichi.lg.jp/,https://www.town.shimoichi.lg.jp/
jp-29444,29,294446,黒滝村,くろたきむら,village,municipality,,current,https://www.vill.kurotaki.nara.jp/,https://www.vill.kurotaki.nara.jp/
jp-29446,29,294462,天川村,てんかわむら,village,municipality,,current,https://www.vill.tenkawa.nara.jp/,https://www.vill.tenkawa.nara.jp/
jp-29447,29,294470,野迫川村,のせがわむら,village,municipality,,current,https://www.vill.nosegawa.nara.jp/,https://www.vill.nosegawa.nara.jp/
jp-29449,29,294497,十津川村,とつかわむら,village,municipality,,current,https://www.vill.totsukawa.lg.jp/,https://www.vill.totsukawa.lg.jp/
jp-29450,29,294500,下北山村,しもきたやまむら,village,municipality,,current,https://www.vill.shimokitayama.nara.jp/,https://www.vill.shimokitayama.nara.jp/
jp-29451,29,294519,上北山村,かみきたやまむら,village,municipality,,current,https://www.vill.kamikitayama.nara.jp/,https://www.vill.kamikitayama.nara.jp/
jp-29452,29,294527,川上村,かわかみむら,village,municipality,,current,https://www.vill.kawakami.nara.jp/,https://www.vill.kawakami.nara.jp/
jp-29453,29,294535,東吉野村,ひがしよしのむら,village,municipality,,current,https://www.vill.higashiyoshino.nara.jp/,https://www.vill.higashiyoshino.nara.jp/
jp-30201,30,302015,和歌山市,わかやまし,city,municipality,,current,https://www.city.wakayama.wakayama.jp/,https://www.city.wakayama.wakayama.jp/
jp-30202,30,302023,海南市,かいなんし,city,municipality,,current,https://www.city.kainan.lg.jp/,https://www.city.kainan.lg.jp/
jp-30203,30,302031,橋本市,はしもとし,city,municipality,,current,https://www.city.hashimoto.lg.jp/,https://www.city.hashimoto.lg.jp/
jp-30204,30,302040,有田市,ありだし,city,municipality,,current,https://www.city.arida.lg.jp/,https://www.city.arida.lg.jp/
jp-30205,30,302058,御坊市,ごぼうし,city,municipality,,current,https://www.city.gobo.lg.jp/,https://www.city.gobo.lg.jp/
jp-30206,30,302066,田辺市,たなべし,city,municipality,,current,https://www.city.tanabe.lg.jp/,https://www.city.tanabe.lg.jp/
jp-30207,30,302074,新宮市,しんぐうし,city,municipality,,current,https://www.city.shingu.lg.jp/,https://www.city.shingu.lg.jp/
jp-30208,30,302082,紀の川市,きのかわし,city,municipality,,current,https://www.city.kinokawa.lg.jp/,https://www.city.kinokawa.lg.jp/
jp-30209,30,302090,岩出市,いわでし,city,municipality,,current,https://www.city.iwade.lg.jp/,https://www.city.iwade.lg.jp/
jp-30304,30,303046,紀美野町,きみのちょう,town,municipality,,current,https://www.town.kimino.wakayama.jp/,https://www.town.kimino.wakayama.jp/
jp-30341,30,303410,かつらぎ町,かつらぎちょう,town,municipality,,current,https://www.town.katsuragi.wakayama.jp/,https://www.town.katsuragi.wakayama.jp/
jp-30343,30,303437,九度山町,くどやまちょう,town,municipality,,current,https://www.town.kudoyama.lg.jp/,https://www.town.kudoyama.lg.jp/
jp-30344,30,303445,高野町,こうやちょう,town,municipality,,current,https://www.town.koya.wakayama.jp/,https://www.town.koya.wakayama.jp/
jp-30361,30,303615,湯浅町,ゆあさちょう,town,municipality,,current,https://www.town.yuasa.wakayama.jp/,https://www.town.yuasa.wakayama.jp/
jp-30362,30,303623,広川町,ひろがわちょう,town,municipality,,current,https://www.town.hirogawa.wakayama.jp/,https://www.town.hirogawa.wakayama.jp/
jp-30366,30,303666,有田川町,ありだがわちょう,town,municipality,,current,https://www.town.aridagawa.lg.jp/,https://www.town.aridagawa.lg.jp/
jp-30381,30,303810,美浜町,みはまちょう,town,municipality,,current,https://www.town.mihama.wakayama.jp/,https://www.town.mihama.wakayama.jp/
jp-30382,30,303828,日高町,ひだかちょう,town,municipality,,current,https://www.town.wakayama-hidaka.lg.jp/,https://www.town.wakayama-hidaka.lg.jp/
jp-30383,30,303836,由良町,ゆらちょう,town,municipality,,current,https://www.town.yura.wakayama.jp/,https://www.town.yura.wakayama.jp/
jp-30390,30,303909,印南町,いなみちょう,town,municipality,,current,https://www.town.wakayama-inami.lg.jp/,https://www.town.wakayama-inami.lg.jp/
jp-30391,30,303917,みなべ町,みなべちょう,town,municipality,,current,https://www.town.minabe.lg.jp/,https://www.town.minabe.lg.jp/
jp-30392,30,303925,日高川町,ひだかがわちょう,town,municipality,,current,https://www.town.hidakagawa.lg.jp/,https://www.town.hidakagawa.lg.jp/
jp-30401,30,304018,白浜町,しらはまちょう,town,municipality,,current,https://www.town.shirahama.wakayama.jp/,https://www.town.shirahama.wakayama.jp/
jp-30404,30,304042,上富田町,かみとんだちょう,town,municipality,,current,https://www.town.kamitonda.lg.jp/,https://www.town.kamitonda.lg.jp/
jp-30406,30,304069,すさみ町,すさみちょう,town,municipality,,current,https://www.town.susami.lg.jp/,https://www.town.susami.lg.jp/
jp-30421,30,304212,那智勝浦町,なちかつうらちょう,town,municipality,,current,https://www.town.nachikatsuura.wakayama.jp/,https://www.town.nachikatsuura.wakayama.jp/
jp-30422,30,304220,太地町,たいじちょう,town,municipality,,current,https://www.town.taiji.wakayama.jp/,https://www.town.taiji.wakayama.jp/
jp-30424,30,304247,古座川町,こざがわちょう,town,municipality,,current,https://www.town.kozagawa.lg.jp/,https://www.town.kozagawa.lg.jp/
jp-30427,30,304271,北山村,きたやまむら,village,municipality,,current,https://www.vill.kitayama.wakayama.jp/,https://www.vill.kitayama.wakayama.jp/
jp-30428,30,304280,串本町,くしもとちょう,town,municipality,,current,https://www.town.kushimoto.wakayama.jp/,https://www.town.kushimoto.wakayama.jp/
jp-31201,31,312010,鳥取市,とっとりし,city,municipality,,current,https://www.city.tottori.lg.jp/,https://www.city.tottori.lg.jp/
jp-31202,31,312029,米子市,よなごし,city,municipality,,current,https://www.city.yonago.lg.jp/,https://www.city.yonago.lg.jp/
jp-31203,31,312037,倉吉市,くらよしし,city,municipality,,current,https://www.city.kurayoshi.lg.jp/,https://www.city.kurayoshi.lg.jp/
jp-31204,31,312045,境港市,さかいみなとし,city,municipality,,current,https://www.city.sakaiminato.lg.jp/,https://www.city.sakaiminato.lg.jp/
jp-31302,31,313025,岩美町,いわみちょう,town,municipality,,current,https://www.iwami.gr.jp/,https://www.iwami.gr.jp/
jp-31325,31,313254,若桜町,わかさちょう,town,municipality,,current,https://www.town.wakasa.tottori.jp/,https://www.town.wakasa.tottori.jp/
jp-31328,31,313289,智頭町,ちづちょう,town,municipality,,current,https://www1.town.chizu.tottori.jp/,https://www1.town.chizu.tottori.jp/
jp-31329,31,313297,八頭町,やずちょう,town,municipality,,current,https://www.town.yazu.tottori.jp/,https://www.town.yazu.tottori.jp/
jp-31364,31,313645,三朝町,みささちょう,town,municipality,,current,https://www.town.misasa.tottori.jp/,https://www.town.misasa.tottori.jp/
jp-31370,31,313700,湯梨浜町,ゆりはまちょう,town,municipality,,current,https://www.yurihama.jp/,https://www.yurihama.jp/
jp-31371,31,313718,琴浦町,ことうらちょう,town,municipality,,current,https://www.town.kotoura.tottori.jp/,https://www.town.kotoura.tottori.jp/
jp-31372,31,313726,北栄町,ほくえいちょう,town,municipality,,current,https://www.e-hokuei.net/,https://www.e-hokuei.net/
jp-31384,31,313840,日吉津村,ひえづそん,village,municipality,,current,https://www.hiezu.jp/,https://www.hiezu.jp/
jp-31386,31,313866,大山町,だいせんちょう,town,municipality,,current,https://www.daisen.jp/,https://www.daisen.jp/
jp-31389,31,313890,南部町,なんぶちょう,town,municipality,,current,https://www.town.nanbu.tottori.jp/,https://www.town.nanbu.tottori.jp/
jp-31390,31,313904,伯耆町,ほうきちょう,town,municipality,,current,https://www.houki-town.jp/,https://www.houki-town.jp/
jp-31401,31,314013,日南町,にちなんちょう,town,municipality,,current,https://www.town.nichinan.lg.jp/,https://www.town.nichinan.lg.jp/
jp-31402,31,314021,日野町,ひのちょう,town,municipality,,current,https://www.town.hino.tottori.jp/,https://www.town.hino.tottori.jp/
jp-31403,31,314030,江府町,こうふちょう,town,municipality,,current,https://www.town-kofu.jp/,https://www.town-kofu.jp/
jp-32201,32,322016,松江市,まつえし,city,municipality,,current,https://www.city.matsue.lg.jp/,https://www.city.matsue.lg.jp/
jp-32202,32,322024,浜田市,はまだし,city,municipality,,current,https://www.city.hamada.shimane.jp/,https://www.city.hamada.shimane.jp/
jp-32203,32,322032,出雲市,いずもし,city,municipality,,current,https://www.city.izumo.shimane.jp/,https://www.city.izumo.shimane.jp/
jp-32204,32,322040,益田市,ますだし,city,municipality,,current,https://www.city.masuda.lg.jp/,https://www.city.masuda.lg.jp/
jp-32205,32,322059,大田市,おおだし,city,municipality,,current,https://www.city.oda.lg.jp/,https://www.city.oda.lg.jp/
jp-32206,32,322067,安来市,やすぎし,city,municipality,,current,https://www.city.yasugi.shimane.jp/,https://www.city.yasugi.shimane.jp/
jp-32207,32,322075,江津市,ごうつし,city,municipality,,current,https://www.city.gotsu.lg.jp/,https://www.city.gotsu.lg.jp/
jp-32209,32,322091,雲南市,うんなんし,city,municipality,,current,https://www.city.unnan.shimane.jp/,https://www.city.unnan.shimane.jp/
jp-32343,32,323438,奥出雲町,おくいずもちょう,town,municipality,,current,https://www.town.okuizumo.shimane.jp/,https://www.town.okuizumo.shimane.jp/
jp-32386,32,323861,飯南町,いいなんちょう,town,municipality,,current,https://www.iinan.jp/,https://www.iinan.jp/
jp-32441,32,324418,川本町,かわもとまち,town,municipality,,current,https://www.town.shimane-kawamoto.lg.jp/,https://www.town.shimane-kawamoto.lg.jp/
jp-32448,32,324485,美郷町,みさとちょう,town,municipality,,current,https://gov.town.shimane-misato.lg.jp/,https://gov.town.shimane-misato.lg.jp/
jp-32449,32,324493,邑南町,おおなんちょう,town,municipality,,current,https://www.town.ohnan.lg.jp/,https://www.town.ohnan.lg.jp/
jp-32501,32,325015,津和野町,つわのちょう,town,municipality,,current,https://www.town.tsuwano.lg.jp/,https://www.town.tsuwano.lg.jp/
jp-32505,32,325058,吉賀町,よしかちょう,town,municipality,,current,https://www.town.yoshika.lg.jp/,https://www.town.yoshika.lg.jp/
jp-32525,32,325252,海士町,あまちょう,town,municipality,,current,https://www.town.ama.shimane.jp/,https://www.town.ama.shimane.jp/
jp-32526,32,325260,西ノ島町,にしのしまちょう,town,municipality,,current,https://www.town.nishinoshima.shimane.jp/,https://www.town.nishinoshima.shimane.jp/
jp-32527,32,325279,知夫村,ちぶむら,village,municipality,,current,https://www.vill.chibu.lg.jp/,https://www.vill.chibu.lg.jp/
jp-32528,32,325287,隠岐の島町,おきのしまちょう,town,municipality,,current,https://www.town.okinoshima.shimane.jp/,https://www.town.okinoshima.shimane.jp/
jp-33100,33,331007,岡山市,おかやまし,city,municipality,,current,https://www.city.okayama.jp/,https://www.city.okayama.jp/
jp-33101,33,331015,北区,きたく,administrative_ward,administrative_ward,岡山市,current,,https://www.e-stat.go.jp/municipalities/cities/areacode?page=73
jp-33102,33,331023,中区,なかく,administrative_ward,administrative_ward,岡山市,current,,https://www.e-stat.go.jp/municipalities/cities/areacode?page=73
jp-33103,33,331031,東区,ひがしく,administrative_ward,administrative_ward,岡山市,current,,https://www.e-stat.go.jp/municipalities/cities/areacode?page=73
jp-33104,33,331040,南区,みなみく,administrative_ward,administrative_ward,岡山市,current,,https://www.e-stat.go.jp/municipalities/cities/areacode?page=73
jp-33202,33,332020,倉敷市,くらしきし,city,municipality,,current,https://www.city.kurashiki.okayama.jp/,https://www.city.kurashiki.okayama.jp/
jp-33203,33,332038,津山市,つやまし,city,municipality,,current,https://www.city.tsuyama.lg.jp/,https://www.city.tsuyama.lg.jp/
jp-33204,33,332046,玉野市,たまのし,city,municipality,,current,https://www.city.tamano.lg.jp/,https://www.city.tamano.lg.jp/
jp-33205,33,332054,笠岡市,かさおかし,city,municipality,,current,https://www.city.kasaoka.okayama.jp/,https://www.city.kasaoka.okayama.jp/
jp-33207,33,332070,井原市,いばらし,city,municipality,,current,https://www.city.ibara.okayama.jp/,https://www.city.ibara.okayama.jp/
jp-33208,33,332089,総社市,そうじゃし,city,municipality,,current,https://www.city.soja.okayama.jp/,https://www.city.soja.okayama.jp/
jp-33209,33,332097,高梁市,たかはしし,city,municipality,,current,https://www.city.takahashi.lg.jp/,https://www.city.takahashi.lg.jp/
jp-33210,33,332100,新見市,にいみし,city,municipality,,current,https://www.city.niimi.okayama.jp/,https://www.city.niimi.okayama.jp/
jp-33211,33,332119,備前市,びぜんし,city,municipality,,current,https://www.city.bizen.okayama.jp/,https://www.city.bizen.okayama.jp/
jp-33212,33,332127,瀬戸内市,せとうちし,city,municipality,,current,https://www.city.setouchi.lg.jp/,https://www.city.setouchi.lg.jp/
jp-33213,33,332135,赤磐市,あかいわし,city,municipality,,current,https://www.city.akaiwa.lg.jp/,https://www.city.akaiwa.lg.jp/
jp-33214,33,332143,真庭市,まにわし,city,municipality,,current,https://www.city.maniwa.lg.jp/,https://www.city.maniwa.lg.jp/
jp-33215,33,332151,美作市,みまさかし,city,municipality,,current,https://www.city.mimasaka.lg.jp/,https://www.city.mimasaka.lg.jp/
jp-33216,33,332160,浅口市,あさくちし,city,municipality,,current,https://www.city.asakuchi.lg.jp/,https://www.city.asakuchi.lg.jp/
jp-33346,33,333468,和気町,わけちょう,town,municipality,,current,https://www.town.wake.lg.jp/,https://www.town.wake.lg.jp/
jp-33423,33,334235,早島町,はやしまちょう,town,municipality,,current,https://www.town.hayashima.lg.jp/,https://www.town.hayashima.lg.jp/
jp-33445,33,334456,里庄町,さとしょうちょう,town,municipality,,current,https://www.town.satosho.okayama.jp/,https://www.town.satosho.okayama.jp/
jp-33461,33,334618,矢掛町,やかげちょう,town,municipality,,current,https://www.town.yakage.okayama.jp/,https://www.town.yakage.okayama.jp/
jp-33586,33,335860,新庄村,しんじょうそん,village,municipality,,current,https://www.vill.shinjo.okayama.jp/,https://www.vill.shinjo.okayama.jp/
jp-33606,33,336068,鏡野町,かがみのちょう,town,municipality,,current,https://www.town.kagamino.lg.jp/,https://www.town.kagamino.lg.jp/
jp-33622,33,336220,勝央町,しょうおうちょう,town,municipality,,current,https://www.town.shoo.lg.jp/,https://www.town.shoo.lg.jp/
jp-33623,33,336238,奈義町,なぎちょう,town,municipality,,current,https://www.town.nagi.okayama.jp/,https://www.town.nagi.okayama.jp/
jp-33643,33,336432,西粟倉村,にしあわくらそん,village,municipality,,current,https://www.vill.nishiawakura.okayama.jp/,https://www.vill.nishiawakura.okayama.jp/
jp-33663,33,336637,久米南町,くめなんちょう,town,municipality,,current,https://www.town.kumenan.lg.jp/,https://www.town.kumenan.lg.jp/
jp-33666,33,336661,美咲町,みさきちょう,town,municipality,,current,https://www.town.okayama-misaki.lg.jp/,https://www.town.okayama-misaki.lg.jp/
jp-33681,33,336815,吉備中央町,きびちゅうおうちょう,town,municipality,,current,https://www.town.kibichuo.lg.jp/,https://www.town.kibichuo.lg.jp/
jp-34100,34,341002,広島市,ひろしまし,city,municipality,,current,https://www.city.hiroshima.lg.jp/,https://www.city.hiroshima.lg.jp/
jp-34101,34,341010,中区,なかく,administrative_ward,administrative_ward,広島市,current,,https://www.e-stat.go.jp/municipalities/cities/areacode?page=75
jp-34102,34,341029,東区,ひがしく,administrative_ward,administrative_ward,広島市,current,,https://www.e-stat.go.jp/municipalities/cities/areacode?page=75
jp-34103,34,341037,南区,みなみく,administrative_ward,administrative_ward,広島市,current,,https://www.e-stat.go.jp/municipalities/cities/areacode?page=75
jp-34104,34,341045,西区,にしく,administrative_ward,administrative_ward,広島市,current,,https://www.e-stat.go.jp/municipalities/cities/areacode?page=75
jp-34105,34,341053,安佐南区,あさみなみく,administrative_ward,administrative_ward,広島市,current,,https://www.e-stat.go.jp/municipalities/cities/areacode?page=75
jp-34106,34,341061,安佐北区,あさきたく,administrative_ward,administrative_ward,広島市,current,,https://www.e-stat.go.jp/municipalities/cities/areacode?page=75
jp-34107,34,341070,安芸区,あきく,administrative_ward,administrative_ward,広島市,current,,https://www.e-stat.go.jp/municipalities/cities/areacode?page=75
jp-34108,34,341088,佐伯区,さえきく,administrative_ward,administrative_ward,広島市,current,,https://www.e-stat.go.jp/municipalities/cities/areacode?page=75
jp-34202,34,342025,呉市,くれし,city,municipality,,current,https://www.city.kure.lg.jp/,https://www.city.kure.lg.jp/
jp-34203,34,342033,竹原市,たけはらし,city,municipality,,current,https://www.city.takehara.lg.jp/,https://www.city.takehara.lg.jp/
jp-34204,34,342041,三原市,みはらし,city,municipality,,current,https://www.city.mihara.hiroshima.jp/,https://www.city.mihara.hiroshima.jp/
jp-34205,34,342050,尾道市,おのみちし,city,municipality,,current,https://www.city.onomichi.hiroshima.jp/,https://www.city.onomichi.hiroshima.jp/
jp-34207,34,342076,福山市,ふくやまし,city,municipality,,current,https://www.city.fukuyama.hiroshima.jp/,https://www.city.fukuyama.hiroshima.jp/
jp-34208,34,342084,府中市,ふちゅうし,city,municipality,,current,https://www.city.fuchu.hiroshima.jp/,https://www.city.fuchu.hiroshima.jp/
jp-34209,34,342092,三次市,みよしし,city,municipality,,current,https://www.city.miyoshi.hiroshima.jp/,https://www.city.miyoshi.hiroshima.jp/
jp-34210,34,342106,庄原市,しょうばらし,city,municipality,,current,https://www.city.shobara.hiroshima.jp/,https://www.city.shobara.hiroshima.jp/
jp-34211,34,342114,大竹市,おおたけし,city,municipality,,current,https://www.city.otake.hiroshima.jp/,https://www.city.otake.hiroshima.jp/
jp-34212,34,342122,東広島市,ひがしひろしまし,city,municipality,,current,https://www.city.higashihiroshima.lg.jp/,https://www.city.higashihiroshima.lg.jp/
jp-34213,34,342130,廿日市市,はつかいちし,city,municipality,,current,https://www.city.hatsukaichi.hiroshima.jp/,https://www.city.hatsukaichi.hiroshima.jp/
jp-34214,34,342149,安芸高田市,あきたかたし,city,municipality,,current,https://www.akitakata.jp/ja/,https://www.akitakata.jp/ja/
jp-34215,34,342157,江田島市,えたじまし,city,municipality,,current,https://www.city.etajima.hiroshima.jp/,https://www.city.etajima.hiroshima.jp/
jp-34302,34,343021,府中町,ふちゅうちょう,town,municipality,,current,https://www.town.fuchu.hiroshima.jp/,https://www.town.fuchu.hiroshima.jp/
jp-34304,34,343048,海田町,かいたちょう,town,municipality,,current,https://www.town.kaita.lg.jp/,https://www.town.kaita.lg.jp/
jp-34307,34,343072,熊野町,くまのちょう,town,municipality,,current,https://www.town.kumano.hiroshima.jp/,https://www.town.kumano.hiroshima.jp/
jp-34309,34,343099,坂町,さかちょう,town,municipality,,current,https://www.town.saka.lg.jp/,https://www.town.saka.lg.jp/
jp-34368,34,343684,安芸太田町,あきおおたちょう,town,municipality,,current,https://www.akiota.jp/,https://www.akiota.jp/
jp-34369,34,343692,北広島町,きたひろしまちょう,town,municipality,,current,https://www.town.kitahiroshima.lg.jp/,https://www.town.kitahiroshima.lg.jp/
jp-34431,34,344311,大崎上島町,おおさきかみじまちょう,town,municipality,,current,https://www.town.osakikamijima.hiroshima.jp/,https://www.town.osakikamijima.hiroshima.jp/
jp-34462,34,344621,世羅町,せらちょう,town,municipality,,current,https://www.town.sera.hiroshima.jp/,https://www.town.sera.hiroshima.jp/
jp-34545,34,345458,神石高原町,じんせきこうげんちょう,town,municipality,,current,https://www.jinsekigun.jp/,https://www.jinsekigun.jp/
jp-35201,35,352012,下関市,しものせきし,city,municipality,,current,https://www.city.shimonoseki.lg.jp/,https://www.city.shimonoseki.lg.jp/
jp-35202,35,352020,宇部市,うべし,city,municipality,,current,https://www.city.ube.yamaguchi.jp/,https://www.city.ube.yamaguchi.jp/
jp-35203,35,352039,山口市,やまぐちし,city,municipality,,current,https://www.city.yamaguchi.lg.jp/,https://www.city.yamaguchi.lg.jp/
jp-35204,35,352047,萩市,はぎし,city,municipality,,current,https://www.city.hagi.lg.jp/,https://www.city.hagi.lg.jp/
jp-35206,35,352063,防府市,ほうふし,city,municipality,,current,https://www.city.hofu.yamaguchi.jp/,https://www.city.hofu.yamaguchi.jp/
jp-35207,35,352071,下松市,くだまつし,city,municipality,,current,https://www.city.kudamatsu.lg.jp/,https://www.city.kudamatsu.lg.jp/
jp-35208,35,352080,岩国市,いわくにし,city,municipality,,current,https://www.city.iwakuni.lg.jp/,https://www.city.iwakuni.lg.jp/
jp-35210,35,352101,光市,ひかりし,city,municipality,,current,https://www.city.hikari.lg.jp/,https://www.city.hikari.lg.jp/
jp-35211,35,352110,長門市,ながとし,city,municipality,,current,https://www.city.nagato.yamaguchi.jp/,https://www.city.nagato.yamaguchi.jp/
jp-35212,35,352128,柳井市,やないし,city,municipality,,current,https://www.city-yanai.jp/,https://www.city-yanai.jp/
jp-35213,35,352136,美祢市,みねし,city,municipality,,current,https://www2.city.mine.lg.jp/,https://www2.city.mine.lg.jp/
jp-35215,35,352152,周南市,しゅうなんし,city,municipality,,current,https://www.city.shunan.lg.jp/,https://www.city.shunan.lg.jp/
jp-35216,35,352160,山陽小野田市,さんようおのだし,city,municipality,,current,https://www.city.sanyo-onoda.lg.jp/,https://www.city.sanyo-onoda.lg.jp/
jp-35305,35,353051,周防大島町,すおうおおしまちょう,town,municipality,,current,https://www.town.suo-oshima.lg.jp/,https://www.town.suo-oshima.lg.jp/
jp-35321,35,353213,和木町,わきちょう,town,municipality,,current,https://www.town.waki.lg.jp/,https://www.town.waki.lg.jp/
jp-35341,35,353418,上関町,かみのせきちょう,town,municipality,,current,https://www.town.kaminoseki.lg.jp/,https://www.town.kaminoseki.lg.jp/
jp-35343,35,353434,田布施町,たぶせちょう,town,municipality,,current,https://www.town.tabuse.lg.jp/,https://www.town.tabuse.lg.jp/
jp-35344,35,353442,平生町,ひらおちょう,town,municipality,,current,https://www.town.hirao.lg.jp/,https://www.town.hirao.lg.jp/
jp-35502,35,355020,阿武町,あぶちょう,town,municipality,,current,https://www.town.abu.lg.jp/,https://www.town.abu.lg.jp/
jp-36201,36,362018,徳島市,とくしまし,city,municipality,,current,https://www.city.tokushima.tokushima.jp/,https://www.city.tokushima.tokushima.jp/
jp-36202,36,362026,鳴門市,なるとし,city,municipality,,current,https://www.city.naruto.tokushima.jp/,https://www.city.naruto.tokushima.jp/
jp-36203,36,362034,小松島市,こまつしまし,city,municipality,,current,https://www.city.komatsushima.lg.jp/,https://www.city.komatsushima.lg.jp/
jp-36204,36,362042,阿南市,あなんし,city,municipality,,current,https://www.city.anan.tokushima.jp/,https://www.city.anan.tokushima.jp/
jp-36205,36,362050,吉野川市,よしのがわし,city,municipality,,current,https://www.city.yoshinogawa.lg.jp/,https://www.city.yoshinogawa.lg.jp/
jp-36206,36,362069,阿波市,あわし,city,municipality,,current,https://www.city.awa.lg.jp/,https://www.city.awa.lg.jp/
jp-36207,36,362077,美馬市,みまし,city,municipality,,current,https://www.city.mima.lg.jp/,https://www.city.mima.lg.jp/
jp-36208,36,362085,三好市,みよしし,city,municipality,,current,https://www.miyoshi.i-tokushima.jp/,https://www.miyoshi.i-tokushima.jp/
jp-36301,36,363014,勝浦町,かつうらちょう,town,municipality,,current,https://www.town.katsuura.lg.jp/,https://www.town.katsuura.lg.jp/
jp-36302,36,363022,上勝町,かみかつちょう,town,municipality,,current,https://www.kamikatsu.jp/,https://www.kamikatsu.jp/
jp-36321,36,363219,佐那河内村,さなごうちそん,village,municipality,,current,https://www.vill.sanagochi.lg.jp/,https://www.vill.sanagochi.lg.jp/
jp-36341,36,363413,石井町,いしいちょう,town,municipality,,current,https://www.town.ishii.lg.jp/,https://www.town.ishii.lg.jp/
jp-36342,36,363421,神山町,かみやまちょう,town,municipality,,current,https://www.town.kamiyama.lg.jp/,https://www.town.kamiyama.lg.jp/
jp-36368,36,363685,那賀町,なかちょう,town,municipality,,current,https://www.town.tokushima-naka.lg.jp/,https://www.town.tokushima-naka.lg.jp/
jp-36383,36,363839,牟岐町,むぎちょう,town,municipality,,current,https://www.town.tokushima-mugi.lg.jp/,https://www.town.tokushima-mugi.lg.jp/
jp-36387,36,363871,美波町,みなみちょう,town,municipality,,current,https://www.town.minami.lg.jp/,https://www.town.minami.lg.jp/
jp-36388,36,363880,海陽町,かいようちょう,town,municipality,,current,https://www.town.kaiyo.lg.jp/,https://www.town.kaiyo.lg.jp/
jp-36401,36,364010,松茂町,まつしげちょう,town,municipality,,current,https://www.town.matsushige.tokushima.jp/,https://www.town.matsushige.tokushima.jp/
jp-36402,36,364029,北島町,きたじまちょう,town,municipality,,current,https://www.town.kitajima.lg.jp/,https://www.town.kitajima.lg.jp/
jp-36403,36,364037,藍住町,あいずみちょう,town,municipality,,current,https://www.town.aizumi.lg.jp/,https://www.town.aizumi.lg.jp/
jp-36404,36,364045,板野町,いたのちょう,town,municipality,,current,https://www.town.itano.tokushima.jp/,https://www.town.itano.tokushima.jp/
jp-36405,36,364053,上板町,かみいたちょう,town,municipality,,current,https://www.townkamiita.jp/,https://www.townkamiita.jp/
jp-36468,36,364681,つるぎ町,つるぎちょう,town,municipality,,current,https://www.town.tokushima-tsurugi.lg.jp/,https://www.town.tokushima-tsurugi.lg.jp/
jp-36489,36,364894,東みよし町,ひがしみよしちょう,town,municipality,,current,https://www.town.higashimiyoshi.lg.jp/,https://www.town.higashimiyoshi.lg.jp/
jp-37201,37,372013,高松市,たかまつし,city,municipality,,current,https://www.city.takamatsu.kagawa.jp/,https://www.city.takamatsu.kagawa.jp/
jp-37202,37,372021,丸亀市,まるがめし,city,municipality,,current,https://www.city.marugame.lg.jp/,https://www.city.marugame.lg.jp/
jp-37203,37,372030,坂出市,さかいでし,city,municipality,,current,https://www.city.sakaide.lg.jp/,https://www.city.sakaide.lg.jp/
jp-37204,37,372048,善通寺市,ぜんつうじし,city,municipality,,current,https://www.city.zentsuji.kagawa.jp/,https://www.city.zentsuji.kagawa.jp/
jp-37205,37,372056,観音寺市,かんおんじし,city,municipality,,current,https://www.city.kanonji.kagawa.jp/,https://www.city.kanonji.kagawa.jp/
jp-37206,37,372064,さぬき市,さぬきし,city,municipality,,current,https://www.city.sanuki.kagawa.jp/,https://www.city.sanuki.kagawa.jp/
jp-37207,37,372072,東かがわ市,ひがしかがわし,city,municipality,,current,https://www.higashikagawa.jp/,https://www.higashikagawa.jp/
jp-37208,37,372080,三豊市,みとよし,city,municipality,,current,https://www.city.mitoyo.lg.jp/,https://www.city.mitoyo.lg.jp/
jp-37322,37,373222,土庄町,とのしょうちょう,town,municipality,,current,https://www.town.tonosho.kagawa.jp/,https://www.town.tonosho.kagawa.jp/
jp-37324,37,373249,小豆島町,しょうどしまちょう,town,municipality,,current,https://www.town.shodoshima.lg.jp/,https://www.town.shodoshima.lg.jp/
jp-37341,37,373419,三木町,みきちょう,town,municipality,,current,https://www.town.miki.lg.jp/,https://www.town.miki.lg.jp/
jp-37364,37,373648,直島町,なおしまちょう,town,municipality,,current,https://www.town.naoshima.lg.jp/,https://www.town.naoshima.lg.jp/
jp-37386,37,373869,宇多津町,うたづちょう,town,municipality,,current,https://www.town.utazu.lg.jp/,https://www.town.utazu.lg.jp/
jp-37387,37,373877,綾川町,あやがわちょう,town,municipality,,current,https://www.town.ayagawa.lg.jp/,https://www.town.ayagawa.lg.jp/
jp-37403,37,374032,琴平町,ことひらちょう,town,municipality,,current,https://www.town.kotohira.kagawa.jp/,https://www.town.kotohira.kagawa.jp/
jp-37404,37,374040,多度津町,たどつちょう,town,municipality,,current,https://www.town.tadotsu.kagawa.jp/,https://www.town.tadotsu.kagawa.jp/
jp-37406,37,374067,まんのう町,まんのうちょう,town,municipality,,current,https://www.town.manno.lg.jp/,https://www.town.manno.lg.jp/
jp-38201,38,382019,松山市,まつやまし,city,municipality,,current,https://www.city.matsuyama.ehime.jp/,https://www.city.matsuyama.ehime.jp/
jp-38202,38,382027,今治市,いまばりし,city,municipality,,current,https://www.city.imabari.ehime.jp/,https://www.city.imabari.ehime.jp/
jp-38203,38,382035,宇和島市,うわじまし,city,municipality,,current,https://www.city.uwajima.ehime.jp/,https://www.city.uwajima.ehime.jp/
jp-38204,38,382043,八幡浜市,やわたはまし,city,municipality,,current,https://www.city.yawatahama.ehime.jp/,https://www.city.yawatahama.ehime.jp/
jp-38205,38,382051,新居浜市,にいはまし,city,municipality,,current,https://www.city.niihama.lg.jp/,https://www.city.niihama.lg.jp/
jp-38206,38,382060,西条市,さいじょうし,city,municipality,,current,https://www.city.saijo.ehime.jp/,https://www.city.saijo.ehime.jp/
jp-38207,38,382078,大洲市,おおずし,city,municipality,,current,https://www.city.ozu.ehime.jp/,https://www.city.ozu.ehime.jp/
jp-38210,38,382108,伊予市,いよし,city,municipality,,current,https://www.city.iyo.lg.jp/,https://www.city.iyo.lg.jp/
jp-38213,38,382132,四国中央市,しこくちゅうおうし,city,municipality,,current,https://www.city.shikokuchuo.ehime.jp/,https://www.city.shikokuchuo.ehime.jp/
jp-38214,38,382140,西予市,せいよし,city,municipality,,current,https://www.city.seiyo.ehime.jp/,https://www.city.seiyo.ehime.jp/
jp-38215,38,382159,東温市,とうおんし,city,municipality,,current,https://www.city.toon.ehime.jp/,https://www.city.toon.ehime.jp/
jp-38356,38,383562,上島町,かみじまちょう,town,municipality,,current,https://www.town.kamijima.lg.jp/,https://www.town.kamijima.lg.jp/
jp-38386,38,383864,久万高原町,くまこうげんちょう,town,municipality,,current,https://www.kumakogen.jp/,https://www.kumakogen.jp/
jp-38401,38,384011,松前町,まさきちょう,town,municipality,,current,https://www.town.masaki.ehime.jp/,https://www.town.masaki.ehime.jp/
jp-38402,38,384020,砥部町,とべちょう,town,municipality,,current,https://www.town.tobe.ehime.jp/,https://www.town.tobe.ehime.jp/
jp-38422,38,384224,内子町,うちこちょう,town,municipality,,current,https://www.town.uchiko.ehime.jp/,https://www.town.uchiko.ehime.jp/
jp-38442,38,384429,伊方町,いかたちょう,town,municipality,,current,https://www.town.ikata.ehime.jp/,https://www.town.ikata.ehime.jp/
jp-38484,38,384844,松野町,まつのちょう,town,municipality,,current,https://www.town.matsuno.ehime.jp/,https://www.town.matsuno.ehime.jp/
jp-38488,38,384887,鬼北町,きほくちょう,town,municipality,,current,https://www.town.kihoku.ehime.jp/,https://www.town.kihoku.ehime.jp/
jp-38506,38,385069,愛南町,あいなんちょう,town,municipality,,current,https://www.town.ainan.ehime.jp/,https://www.town.ainan.ehime.jp/
jp-39201,39,392014,高知市,こうちし,city,municipality,,current,https://www.city.kochi.kochi.jp/,https://www.city.kochi.kochi.jp/
jp-39202,39,392022,室戸市,むろとし,city,municipality,,current,https://www.city.muroto.kochi.jp/,https://www.city.muroto.kochi.jp/
jp-39203,39,392030,安芸市,あきし,city,municipality,,current,https://www.city.aki.kochi.jp/,https://www.city.aki.kochi.jp/
jp-39204,39,392049,南国市,なんこくし,city,municipality,,current,https://www.city.nankoku.lg.jp/,https://www.city.nankoku.lg.jp/
jp-39205,39,392057,土佐市,とさし,city,municipality,,current,https://www.city.tosa.lg.jp/,https://www.city.tosa.lg.jp/
jp-39206,39,392065,須崎市,すさきし,city,municipality,,current,https://www.city.susaki.lg.jp/,https://www.city.susaki.lg.jp/
jp-39208,39,392081,宿毛市,すくもし,city,municipality,,current,https://www.city.sukumo.kochi.jp/,https://www.city.sukumo.kochi.jp/
jp-39209,39,392090,土佐清水市,とさしみずし,city,municipality,,current,https://www.city.tosashimizu.kochi.jp/,https://www.city.tosashimizu.kochi.jp/
jp-39210,39,392103,四万十市,しまんとし,city,municipality,,current,https://www.city.shimanto.lg.jp/,https://www.city.shimanto.lg.jp/
jp-39211,39,392111,香南市,こうなんし,city,municipality,,current,https://www.city.kochi-konan.lg.jp/,https://www.city.kochi-konan.lg.jp/
jp-39212,39,392120,香美市,かみし,city,municipality,,current,https://www.city.kami.lg.jp/,https://www.city.kami.lg.jp/
jp-39301,39,393010,東洋町,とうようちょう,town,municipality,,current,https://www.town.toyo.kochi.jp/,https://www.town.toyo.kochi.jp/
jp-39302,39,393029,奈半利町,なはりちょう,town,municipality,,current,https://www.town.nahari.kochi.jp/,https://www.town.nahari.kochi.jp/
jp-39303,39,393037,田野町,たのちょう,town,municipality,,current,https://tanocho.jp/,https://tanocho.jp/
jp-39304,39,393045,安田町,やすだちょう,town,municipality,,current,https://www.town.yasuda.kochi.jp/,https://www.town.yasuda.kochi.jp/
jp-39305,39,393053,北川村,きたがわむら,village,municipality,,current,https://www.kitagawamura.jp/,https://www.kitagawamura.jp/
jp-39306,39,393061,馬路村,うまじむら,village,municipality,,current,https://vill.umaji.lg.jp/,https://vill.umaji.lg.jp/
jp-39307,39,393070,芸西村,げいせいむら,village,municipality,,current,https://www.vill.geisei.kochi.jp/,https://www.vill.geisei.kochi.jp/
jp-39341,39,393410,本山町,もとやまちょう,town,municipality,,current,https://www.town.motoyama.kochi.jp/,https://www.town.motoyama.kochi.jp/
jp-39344,39,393444,大豊町,おおとよちょう,town,municipality,,current,https://www.town.otoyo.kochi.jp/,https://www.town.otoyo.kochi.jp/
jp-39363,39,393630,土佐町,とさちょう,town,municipality,,current,https://www.town.tosa.kochi.jp/,https://www.town.tosa.kochi.jp/
jp-39364,39,393649,大川村,おおかわむら,village,municipality,,current,https://www.vill.okawa.kochi.jp/,https://www.vill.okawa.kochi.jp/
jp-39386,39,393860,いの町,いのちょう,town,municipality,,current,https://www.town.ino.kochi.jp/,https://www.town.ino.kochi.jp/
jp-39387,39,393878,仁淀川町,によどがわちょう,town,municipality,,current,https://www.town.niyodogawa.lg.jp/,https://www.town.niyodogawa.lg.jp/
jp-39401,39,394017,中土佐町,なかとさちょう,town,municipality,,current,https://www.town.nakatosa.lg.jp/,https://www.town.nakatosa.lg.jp/
jp-39402,39,394025,佐川町,さかわちょう,town,municipality,,current,https://www.town.sakawa.lg.jp/,https://www.town.sakawa.lg.jp/
jp-39403,39,394033,越知町,おちちょう,town,municipality,,current,https://www.town.ochi.kochi.jp/,https://www.town.ochi.kochi.jp/
jp-39405,39,394050,檮原町,ゆすはらちょう,town,municipality,,current,https://www.town.yusuhara.kochi.jp/,https://www.town.yusuhara.kochi.jp/
jp-39410,39,394106,日高村,ひだかむら,village,municipality,,current,https://www.vill.hidaka.kochi.jp/,https://www.vill.hidaka.kochi.jp/
jp-39411,39,394114,津野町,つのちょう,town,municipality,,current,https://town.kochi-tsuno.lg.jp/,https://town.kochi-tsuno.lg.jp/
jp-39412,39,394122,四万十町,しまんとちょう,town,municipality,,current,https://www.town.shimanto.lg.jp/,https://www.town.shimanto.lg.jp/
jp-39424,39,394246,大月町,おおつきちょう,town,municipality,,current,https://www.town.otsuki.kochi.jp/,https://www.town.otsuki.kochi.jp/
jp-39427,39,394270,三原村,みはらむら,village,municipality,,current,https://www.vill.mihara.kochi.jp/,https://www.vill.mihara.kochi.jp/
jp-39428,39,394289,黒潮町,くろしおちょう,town,municipality,,current,https://www.town.kuroshio.lg.jp/,https://www.town.kuroshio.lg.jp/
jp-40100,40,401005,北九州市,きたきゅうしゅうし,city,municipality,,current,https://www.city.kitakyushu.lg.jp/,https://www.city.kitakyushu.lg.jp/
jp-40101,40,401013,門司区,もじく,administrative_ward,administrative_ward,北九州市,current,,https://www.e-stat.go.jp/municipalities/cities/areacode?page=82
jp-40103,40,401030,若松区,わかまつく,administrative_ward,administrative_ward,北九州市,current,,https://www.e-stat.go.jp/municipalities/cities/areacode?page=82
jp-40105,40,401056,戸畑区,とばたく,administrative_ward,administrative_ward,北九州市,current,,https://www.e-stat.go.jp/municipalities/cities/areacode?page=82
jp-40106,40,401064,小倉北区,こくらきたく,administrative_ward,administrative_ward,北九州市,current,,https://www.e-stat.go.jp/municipalities/cities/areacode?page=82
jp-40107,40,401072,小倉南区,こくらみなみく,administrative_ward,administrative_ward,北九州市,current,,https://www.e-stat.go.jp/municipalities/cities/areacode?page=82
jp-40108,40,401080,八幡東区,やはたひがしく,administrative_ward,administrative_ward,北九州市,current,,https://www.e-stat.go.jp/municipalities/cities/areacode?page=82
jp-40109,40,401099,八幡西区,やはたにしく,administrative_ward,administrative_ward,北九州市,current,,https://www.e-stat.go.jp/municipalities/cities/areacode?page=82
jp-40130,40,401307,福岡市,ふくおかし,city,municipality,,current,https://www.city.fukuoka.lg.jp/,https://www.city.fukuoka.lg.jp/
jp-40131,40,401315,東区,ひがしく,administrative_ward,administrative_ward,福岡市,current,,https://www.e-stat.go.jp/municipalities/cities/areacode?page=82
jp-40132,40,401323,博多区,はかたく,administrative_ward,administrative_ward,福岡市,current,,https://www.e-stat.go.jp/municipalities/cities/areacode?page=82
jp-40133,40,401331,中央区,ちゅうおうく,administrative_ward,administrative_ward,福岡市,current,,https://www.e-stat.go.jp/municipalities/cities/areacode?page=82
jp-40134,40,401340,南区,みなみく,administrative_ward,administrative_ward,福岡市,current,,https://www.e-stat.go.jp/municipalities/cities/areacode?page=82
jp-40135,40,401358,西区,にしく,administrative_ward,administrative_ward,福岡市,current,,https://www.e-stat.go.jp/municipalities/cities/areacode?page=82
jp-40136,40,401366,城南区,じょうなんく,administrative_ward,administrative_ward,福岡市,current,,https://www.e-stat.go.jp/municipalities/cities/areacode?page=83
jp-40137,40,401374,早良区,さわらく,administrative_ward,administrative_ward,福岡市,current,,https://www.e-stat.go.jp/municipalities/cities/areacode?page=83
jp-40202,40,402028,大牟田市,おおむたし,city,municipality,,current,https://www.city.omuta.lg.jp/,https://www.city.omuta.lg.jp/
jp-40203,40,402036,久留米市,くるめし,city,municipality,,current,https://www.city.kurume.fukuoka.jp/,https://www.city.kurume.fukuoka.jp/
jp-40204,40,402044,直方市,のおがたし,city,municipality,,current,https://www.city.nogata.fukuoka.jp/,https://www.city.nogata.fukuoka.jp/
jp-40205,40,402052,飯塚市,いいづかし,city,municipality,,current,https://www.city.iizuka.lg.jp/,https://www.city.iizuka.lg.jp/
jp-40206,40,402060,田川市,たがわし,city,municipality,,current,https://www.joho.tagawa.fukuoka.jp/,https://www.joho.tagawa.fukuoka.jp/
jp-40207,40,402079,柳川市,やながわし,city,municipality,,current,https://www.city.yanagawa.fukuoka.jp/,https://www.city.yanagawa.fukuoka.jp/
jp-40210,40,402109,八女市,やめし,city,municipality,,current,https://www.city.yame.fukuoka.jp/,https://www.city.yame.fukuoka.jp/
jp-40211,40,402117,筑後市,ちくごし,city,municipality,,current,https://www.city.chikugo.lg.jp/,https://www.city.chikugo.lg.jp/
jp-40212,40,402125,大川市,おおかわし,city,municipality,,current,https://www.city.okawa.fukuoka.jp/,https://www.city.okawa.fukuoka.jp/
jp-40213,40,402133,行橋市,ゆくはしし,city,municipality,,current,https://www.city.yukuhashi.fukuoka.jp/,https://www.city.yukuhashi.fukuoka.jp/
jp-40214,40,402141,豊前市,ぶぜんし,city,municipality,,current,https://www.city.buzen.lg.jp/,https://www.city.buzen.lg.jp/
jp-40215,40,402150,中間市,なかまし,city,municipality,,current,https://www.city.nakama.lg.jp/,https://www.city.nakama.lg.jp/
jp-40216,40,402168,小郡市,おごおりし,city,municipality,,current,https://www.city.ogori.fukuoka.jp/,https://www.city.ogori.fukuoka.jp/
jp-40217,40,402176,筑紫野市,ちくしのし,city,municipality,,current,https://www.city.chikushino.fukuoka.jp/,https://www.city.chikushino.fukuoka.jp/
jp-40218,40,402184,春日市,かすがし,city,municipality,,current,https://www.city.kasuga.fukuoka.jp/,https://www.city.kasuga.fukuoka.jp/
jp-40219,40,402192,大野城市,おおのじょうし,city,municipality,,current,https://www.city.onojo.fukuoka.jp/,https://www.city.onojo.fukuoka.jp/
jp-40220,40,402206,宗像市,むなかたし,city,municipality,,current,https://www.city.munakata.lg.jp/,https://www.city.munakata.lg.jp/
jp-40221,40,402214,太宰府市,だざいふし,city,municipality,,current,https://www.city.dazaifu.lg.jp/,https://www.city.dazaifu.lg.jp/
jp-40223,40,402230,古賀市,こがし,city,municipality,,current,https://www.city.koga.fukuoka.jp/,https://www.city.koga.fukuoka.jp/
jp-40224,40,402249,福津市,ふくつし,city,municipality,,current,https://www.city.fukutsu.lg.jp/,https://www.city.fukutsu.lg.jp/
jp-40225,40,402257,うきは市,うきはし,city,municipality,,current,https://www.city.ukiha.fukuoka.jp/,https://www.city.ukiha.fukuoka.jp/
jp-40226,40,402265,宮若市,みやわかし,city,municipality,,current,https://www.city.miyawaka.lg.jp/,https://www.city.miyawaka.lg.jp/
jp-40227,40,402273,嘉麻市,かまし,city,municipality,,current,https://www.city.kama.lg.jp/,https://www.city.kama.lg.jp/
jp-40228,40,402281,朝倉市,あさくらし,city,municipality,,current,https://www.city.asakura.lg.jp/,https://www.city.asakura.lg.jp/
jp-40229,40,402290,みやま市,みやまし,city,municipality,,current,https://www.city.miyama.lg.jp/,https://www.city.miyama.lg.jp/
jp-40230,40,402303,糸島市,いとしまし,city,municipality,,current,https://www.city.itoshima.lg.jp/,https://www.city.itoshima.lg.jp/
jp-40231,40,402311,那珂川市,なかがわし,city,municipality,,current,https://www.city.nakagawa.lg.jp/,https://www.city.nakagawa.lg.jp/
jp-40341,40,403415,宇美町,うみまち,town,municipality,,current,https://www.town.umi.lg.jp/,https://www.town.umi.lg.jp/
jp-40342,40,403423,篠栗町,ささぐりまち,town,municipality,,current,https://www.town.sasaguri.fukuoka.jp/,https://www.town.sasaguri.fukuoka.jp/
jp-40343,40,403431,志免町,しめまち,town,municipality,,current,https://www.town.shime.lg.jp/,https://www.town.shime.lg.jp/
jp-40344,40,403440,須恵町,すえまち,town,municipality,,current,https://www.town.sue.fukuoka.jp/,https://www.town.sue.fukuoka.jp/
jp-40345,40,403458,新宮町,しんぐうまち,town,municipality,,current,https://www.town.shingu.fukuoka.jp/,https://www.town.shingu.fukuoka.jp/
jp-40348,40,403482,久山町,ひさやままち,town,municipality,,current,https://www.town.hisayama.fukuoka.jp/,https://www.town.hisayama.fukuoka.jp/
jp-40349,40,403490,粕屋町,かすやまち,town,municipality,,current,https://www.town.kasuya.fukuoka.jp/,https://www.town.kasuya.fukuoka.jp/
jp-40381,40,403814,芦屋町,あしやまち,town,municipality,,current,https://www.town.ashiya.lg.jp/,https://www.town.ashiya.lg.jp/
jp-40382,40,403822,水巻町,みずまきまち,town,municipality,,current,https://www.town.mizumaki.lg.jp/,https://www.town.mizumaki.lg.jp/
jp-40383,40,403830,岡垣町,おかがきまち,town,municipality,,current,https://www.town.okagaki.lg.jp/,https://www.town.okagaki.lg.jp/
jp-40384,40,403849,遠賀町,おんがちょう,town,municipality,,current,https://www.town.onga.lg.jp/,https://www.town.onga.lg.jp/
jp-40401,40,404012,小竹町,こたけまち,town,municipality,,current,https://town.kotake.lg.jp/,https://town.kotake.lg.jp/
jp-40402,40,404020,鞍手町,くらてまち,town,municipality,,current,https://www.town.kurate.lg.jp/,https://www.town.kurate.lg.jp/
jp-40421,40,404217,桂川町,けいせんまち,town,municipality,,current,https://www.town.keisen.fukuoka.jp/,https://www.town.keisen.fukuoka.jp/
jp-40447,40,404470,筑前町,ちくぜんまち,town,municipality,,current,https://www.town.chikuzen.fukuoka.jp/,https://www.town.chikuzen.fukuoka.jp/
jp-40448,40,404489,東峰村,とうほうむら,village,municipality,,current,https://vill.toho-info.com/,https://vill.toho-info.com/
jp-40503,40,405035,大刀洗町,たちあらいまち,town,municipality,,current,https://www.town.tachiarai.fukuoka.jp/,https://www.town.tachiarai.fukuoka.jp/
jp-40522,40,405221,大木町,おおきまち,town,municipality,,current,https://www.town.ooki.lg.jp/,https://www.town.ooki.lg.jp/
jp-40544,40,405442,広川町,ひろかわまち,town,municipality,,current,https://www.town.hirokawa.fukuoka.jp/,https://www.town.hirokawa.fukuoka.jp/
jp-40601,40,406015,香春町,かわらまち,town,municipality,,current,https://www.town.kawara.fukuoka.jp/,https://www.town.kawara.fukuoka.jp/
jp-40602,40,406023,添田町,そえだまち,town,municipality,,current,https://www.town.soeda.fukuoka.jp/,https://www.town.soeda.fukuoka.jp/
jp-40604,40,406040,糸田町,いとだまち,town,municipality,,current,https://www.town.itoda.lg.jp/,https://www.town.itoda.lg.jp/
jp-40605,40,406058,川崎町,かわさきまち,town,municipality,,current,https://www.town-kawasaki.com/,https://www.town-kawasaki.com/
jp-40608,40,406082,大任町,おおとうまち,town,municipality,,current,https://www.town.oto.fukuoka.jp/,https://www.town.oto.fukuoka.jp/
jp-40609,40,406090,赤村,あかむら,village,municipality,,current,https://www.akamura.net/,https://www.akamura.net/
jp-40610,40,406104,福智町,ふくちまち,town,municipality,,current,https://www.town.fukuchi.lg.jp/,https://www.town.fukuchi.lg.jp/
jp-40621,40,406210,苅田町,かんだまち,town,municipality,,current,https://www.town.kanda.lg.jp/,https://www.town.kanda.lg.jp/
jp-40625,40,406252,みやこ町,みやこまち,town,municipality,,current,https://www.town.miyako.lg.jp/,https://www.town.miyako.lg.jp/
jp-40642,40,406422,吉富町,よしとみまち,town,municipality,,current,https://www.town.yoshitomi.lg.jp/,https://www.town.yoshitomi.lg.jp/
jp-40646,40,406465,上毛町,こうげまち,town,municipality,,current,https://www.town.koge.lg.jp/,https://www.town.koge.lg.jp/
jp-40647,40,406473,築上町,ちくじょうまち,town,municipality,,current,https://www.town.chikujo.fukuoka.jp/,https://www.town.chikujo.fukuoka.jp/
jp-41201,41,412015,佐賀市,さがし,city,municipality,,current,https://www.city.saga.lg.jp/,https://www.city.saga.lg.jp/
jp-41202,41,412023,唐津市,からつし,city,municipality,,current,https://www.city.karatsu.lg.jp/,https://www.city.karatsu.lg.jp/
jp-41203,41,412031,鳥栖市,とすし,city,municipality,,current,https://www.city.tosu.lg.jp/,https://www.city.tosu.lg.jp/
jp-41204,41,412040,多久市,たくし,city,municipality,,current,https://www.city.taku.lg.jp/,https://www.city.taku.lg.jp/
jp-41205,41,412058,伊万里市,いまりし,city,municipality,,current,https://www.city.imari.lg.jp/,https://www.city.imari.lg.jp/
jp-41206,41,412066,武雄市,たけおし,city,municipality,,current,https://www.city.takeo.lg.jp/,https://www.city.takeo.lg.jp/
jp-41207,41,412074,鹿島市,かしまし,city,municipality,,current,https://www.city.saga-kashima.lg.jp/,https://www.city.saga-kashima.lg.jp/
jp-41208,41,412082,小城市,おぎし,city,municipality,,current,https://www.city.ogi.lg.jp/,https://www.city.ogi.lg.jp/
jp-41209,41,412090,嬉野市,うれしのし,city,municipality,,current,https://www.city.ureshino.lg.jp/,https://www.city.ureshino.lg.jp/
jp-41210,41,412104,神埼市,かんざきし,city,municipality,,current,https://www.city.kanzaki.saga.jp/,https://www.city.kanzaki.saga.jp/
jp-41327,41,413275,吉野ヶ里町,よしのがりちょう,town,municipality,,current,https://www.town.yoshinogari.lg.jp/,https://www.town.yoshinogari.lg.jp/
jp-41341,41,413410,基山町,きやまちょう,town,municipality,,current,https://www.town.kiyama.lg.jp/,https://www.town.kiyama.lg.jp/
jp-41345,41,413453,上峰町,かみみねちょう,town,municipality,,current,https://www.town.kamimine.lg.jp/,https://www.town.kamimine.lg.jp/
jp-41346,41,413461,みやき町,みやきちょう,town,municipality,,current,https://www.town.miyaki.lg.jp/,https://www.town.miyaki.lg.jp/
jp-41387,41,413879,玄海町,げんかいちょう,town,municipality,,current,https://www.town.genkai.lg.jp/,https://www.town.genkai.lg.jp/
jp-41401,41,414018,有田町,ありたちょう,town,municipality,,current,https://www.town.arita.lg.jp/,https://www.town.arita.lg.jp/
jp-41423,41,414239,大町町,おおまちちょう,town,municipality,,current,https://www.town.omachi.lg.jp/,https://www.town.omachi.lg.jp/
jp-41424,41,414247,江北町,こうほくまち,town,municipality,,current,https://www.town.kouhoku.saga.jp/,https://www.town.kouhoku.saga.jp/
jp-41425,41,414255,白石町,しろいしちょう,town,municipality,,current,https://www.town.shiroishi.lg.jp/,https://www.town.shiroishi.lg.jp/
jp-41441,41,414417,太良町,たらちょう,town,municipality,,current,https://www.town.tara.lg.jp/,https://www.town.tara.lg.jp/
jp-42201,42,422010,長崎市,ながさきし,city,municipality,,current,https://www.city.nagasaki.lg.jp/,https://www.city.nagasaki.lg.jp/
jp-42202,42,422029,佐世保市,させぼし,city,municipality,,current,https://www.city.sasebo.lg.jp/,https://www.city.sasebo.lg.jp/
jp-42203,42,422037,島原市,しまばらし,city,municipality,,current,https://www.city.shimabara.lg.jp/,https://www.city.shimabara.lg.jp/
jp-42204,42,422045,諫早市,いさはやし,city,municipality,,current,https://www.city.isahaya.nagasaki.jp/,https://www.city.isahaya.nagasaki.jp/
jp-42205,42,422053,大村市,おおむらし,city,municipality,,current,https://www.city.omura.nagasaki.jp/,https://www.city.omura.nagasaki.jp/
jp-42207,42,422070,平戸市,ひらどし,city,municipality,,current,https://www.city.hirado.nagasaki.jp/,https://www.city.hirado.nagasaki.jp/
jp-42208,42,422088,松浦市,まつうらし,city,municipality,,current,https://www.city-matsuura.jp/,https://www.city-matsuura.jp/
jp-42209,42,422096,対馬市,つしまし,city,municipality,,current,https://www.city.tsushima.nagasaki.jp/,https://www.city.tsushima.nagasaki.jp/
jp-42210,42,422100,壱岐市,いきし,city,municipality,,current,https://www.city.iki.nagasaki.jp/,https://www.city.iki.nagasaki.jp/
jp-42211,42,422118,五島市,ごとうし,city,municipality,,current,https://www.city.goto.nagasaki.jp/,https://www.city.goto.nagasaki.jp/
jp-42212,42,422126,西海市,さいかいし,city,municipality,,current,https://www.city.saikai.nagasaki.jp/,https://www.city.saikai.nagasaki.jp/
jp-42213,42,422134,雲仙市,うんぜんし,city,municipality,,current,https://www.city.unzen.nagasaki.jp/,https://www.city.unzen.nagasaki.jp/
jp-42214,42,422142,南島原市,みなみしまばらし,city,municipality,,current,https://www.city.minamishimabara.lg.jp/,https://www.city.minamishimabara.lg.jp/
jp-42307,42,423076,長与町,ながよちょう,town,municipality,,current,https://webtown.nagayo.jp/,https://webtown.nagayo.jp/
jp-42308,42,423084,時津町,とぎつちょう,town,municipality,,current,https://www.town.togitsu.nagasaki.jp/,https://www.town.togitsu.nagasaki.jp/
jp-42321,42,423211,東彼杵町,ひがしそのぎちょう,town,municipality,,current,https://www.town.higashisonogi.lg.jp/,https://www.town.higashisonogi.lg.jp/
jp-42322,42,423220,川棚町,かわたなちょう,town,municipality,,current,https://www.kawatana.jp/,https://www.kawatana.jp/
jp-42323,42,423238,波佐見町,はさみちょう,town,municipality,,current,https://www.town.hasami.lg.jp/,https://www.town.hasami.lg.jp/
jp-42383,42,423831,小値賀町,おぢかちょう,town,municipality,,current,https://www.town.ojika.lg.jp/,https://www.town.ojika.lg.jp/
jp-42391,42,423912,佐々町,さざちょう,town,municipality,,current,https://www.sazacho-nagasaki.jp/,https://www.sazacho-nagasaki.jp/
jp-42411,42,424110,新上五島町,しんかみごとうちょう,town,municipality,,current,https://official.shinkamigoto.net/,https://official.shinkamigoto.net/
jp-43100,43,431001,熊本市,くまもとし,city,municipality,,current,https://www.city.kumamoto.jp/,https://www.city.kumamoto.jp/
jp-43101,43,431010,中央区,ちゅうおうく,administrative_ward,administrative_ward,熊本市,current,,https://www.e-stat.go.jp/municipalities/cities/areacode?page=88
jp-43102,43,431028,東区,ひがしく,administrative_ward,administrative_ward,熊本市,current,,https://www.e-stat.go.jp/municipalities/cities/areacode?page=88
jp-43103,43,431036,西区,にしく,administrative_ward,administrative_ward,熊本市,current,,https://www.e-stat.go.jp/municipalities/cities/areacode?page=88
jp-43104,43,431044,南区,みなみく,administrative_ward,administrative_ward,熊本市,current,,https://www.e-stat.go.jp/municipalities/cities/areacode?page=88
jp-43105,43,431052,北区,きたく,administrative_ward,administrative_ward,熊本市,current,,https://www.e-stat.go.jp/municipalities/cities/areacode?page=88
jp-43202,43,432024,八代市,やつしろし,city,municipality,,current,https://www.city.yatsushiro.lg.jp/,https://www.city.yatsushiro.lg.jp/
jp-43203,43,432032,人吉市,ひとよしし,city,municipality,,current,https://www.city.hitoyoshi.lg.jp/,https://www.city.hitoyoshi.lg.jp/
jp-43204,43,432040,荒尾市,あらおし,city,municipality,,current,https://www.city.arao.lg.jp/,https://www.city.arao.lg.jp/
jp-43205,43,432059,水俣市,みなまたし,city,municipality,,current,https://www.city.minamata.lg.jp/,https://www.city.minamata.lg.jp/
jp-43206,43,432067,玉名市,たまなし,city,municipality,,current,https://www.city.tamana.lg.jp/,https://www.city.tamana.lg.jp/
jp-43208,43,432083,山鹿市,やまがし,city,municipality,,current,https://www.city.yamaga.kumamoto.jp/,https://www.city.yamaga.kumamoto.jp/
jp-43210,43,432105,菊池市,きくちし,city,municipality,,current,https://www.city.kikuchi.lg.jp/,https://www.city.kikuchi.lg.jp/
jp-43211,43,432113,宇土市,うとし,city,municipality,,current,https://www.city.uto.lg.jp/,https://www.city.uto.lg.jp/
jp-43212,43,432121,上天草市,かみあまくさし,city,municipality,,current,https://www.city.kamiamakusa.kumamoto.jp/,https://www.city.kamiamakusa.kumamoto.jp/
jp-43213,43,432130,宇城市,うきし,city,municipality,,current,https://www.city.uki.kumamoto.jp/,https://www.city.uki.kumamoto.jp/
jp-43214,43,432148,阿蘇市,あそし,city,municipality,,current,https://www.city.aso.kumamoto.jp/,https://www.city.aso.kumamoto.jp/
jp-43215,43,432156,天草市,あまくさし,city,municipality,,current,https://www.city.amakusa.kumamoto.jp/,https://www.city.amakusa.kumamoto.jp/
jp-43216,43,432164,合志市,こうしし,city,municipality,,current,https://www.city.koshi.lg.jp/,https://www.city.koshi.lg.jp/
jp-43348,43,433489,美里町,みさとまち,town,municipality,,current,https://www.town.kumamoto-misato.lg.jp/,https://www.town.kumamoto-misato.lg.jp/
jp-43364,43,433640,玉東町,ぎょくとうまち,town,municipality,,current,https://www.town.gyokuto.kumamoto.jp/,https://www.town.gyokuto.kumamoto.jp/
jp-43367,43,433675,南関町,なんかんまち,town,municipality,,current,https://www.town.nankan.lg.jp/,https://www.town.nankan.lg.jp/
jp-43368,43,433683,長洲町,ながすまち,town,municipality,,current,https://www.town.nagasu.lg.jp/,https://www.town.nagasu.lg.jp/
jp-43369,43,433691,和水町,なごみまち,town,municipality,,current,https://www.town.nagomi.lg.jp/,https://www.town.nagomi.lg.jp/
jp-43403,43,434035,大津町,おおづまち,town,municipality,,current,https://www.town.ozu.kumamoto.jp/,https://www.town.ozu.kumamoto.jp/
jp-43404,43,434043,菊陽町,きくようまち,town,municipality,,current,https://www.town.kikuyo.lg.jp/,https://www.town.kikuyo.lg.jp/
jp-43423,43,434230,南小国町,みなみおぐにまち,town,municipality,,current,https://www.town.minamioguni.lg.jp/,https://www.town.minamioguni.lg.jp/
jp-43424,43,434248,小国町,おぐにまち,town,municipality,,current,https://www.town.kumamoto-oguni.lg.jp/,https://www.town.kumamoto-oguni.lg.jp/
jp-43425,43,434256,産山村,うぶやまむら,village,municipality,,current,https://www.ubuyama-v.jp/,https://www.ubuyama-v.jp/
jp-43428,43,434280,高森町,たかもりまち,town,municipality,,current,https://www.town.kumamoto-takamori.lg.jp/,https://www.town.kumamoto-takamori.lg.jp/
jp-43432,43,434329,西原村,にしはらむら,village,municipality,,current,https://www.vill.nishihara.kumamoto.jp/,https://www.vill.nishihara.kumamoto.jp/
jp-43433,43,434337,南阿蘇村,みなみあそむら,village,municipality,,current,https://www.vill.minamiaso.lg.jp/,https://www.vill.minamiaso.lg.jp/
jp-43441,43,434418,御船町,みふねまち,town,municipality,,current,https://www.town.mifune.kumamoto.jp/,https://www.town.mifune.kumamoto.jp/
jp-43442,43,434426,嘉島町,かしままち,town,municipality,,current,https://www.town.kumamoto-kashima.lg.jp/,https://www.town.kumamoto-kashima.lg.jp/
jp-43443,43,434434,益城町,ましきまち,town,municipality,,current,https://www.town.mashiki.lg.jp/,https://www.town.mashiki.lg.jp/
jp-43444,43,434442,甲佐町,こうさまち,town,municipality,,current,https://www.town.kosa.lg.jp/,https://www.town.kosa.lg.jp/
jp-43447,43,434477,山都町,やまとちょう,town,municipality,,current,https://www.town.kumamoto-yamato.lg.jp/,https://www.town.kumamoto-yamato.lg.jp/
jp-43468,43,434680,氷川町,ひかわちょう,town,municipality,,current,https://www.town.hikawa.kumamoto.jp/,https://www.town.hikawa.kumamoto.jp/
jp-43482,43,434825,芦北町,あしきたまち,town,municipality,,current,https://www.town.ashikita.lg.jp/,https://www.town.ashikita.lg.jp/
jp-43484,43,434841,津奈木町,つなぎまち,town,municipality,,current,https://www.town.tsunagi.lg.jp/,https://www.town.tsunagi.lg.jp/
jp-43501,43,435015,錦町,にしきまち,town,municipality,,current,https://www.town.kumamoto-nishiki.lg.jp/,https://www.town.kumamoto-nishiki.lg.jp/
jp-43505,43,435058,多良木町,たらぎまち,town,municipality,,current,https://www.town.taragi.lg.jp/,https://www.town.taragi.lg.jp/
jp-43506,43,435066,湯前町,ゆのまえまち,town,municipality,,current,https://www.town.yunomae.lg.jp/,https://www.town.yunomae.lg.jp/
jp-43507,43,435074,水上村,みずかみむら,village,municipality,,current,https://www.vill.mizukami.lg.jp/,https://www.vill.mizukami.lg.jp/
jp-43510,43,435104,相良村,さがらむら,village,municipality,,current,https://www.vill.sagara.lg.jp/,https://www.vill.sagara.lg.jp/
jp-43511,43,435112,五木村,いつきむら,village,municipality,,current,https://www.vill.itsuki.lg.jp/,https://www.vill.itsuki.lg.jp/
jp-43512,43,435120,山江村,やまえむら,village,municipality,,current,https://www.vill.yamae.lg.jp/,https://www.vill.yamae.lg.jp/
jp-43513,43,435139,球磨村,くまむら,village,municipality,,current,https://www.kumamura.com/,https://www.kumamura.com/
jp-43514,43,435147,あさぎり町,あさぎりちょう,town,municipality,,current,https://www.town.asagiri.lg.jp/,https://www.town.asagiri.lg.jp/
jp-43531,43,435317,苓北町,れいほくまち,town,municipality,,current,https://reihoku-kumamoto.jp/,https://reihoku-kumamoto.jp/
jp-44201,44,442011,大分市,おおいたし,city,municipality,,current,https://www.city.oita.oita.jp/,https://www.pref.oita.jp/soshiki/75008/kennai-sityoson.html
jp-44202,44,442020,別府市,べっぷし,city,municipality,,current,https://www.city.beppu.oita.jp/,https://www.city.beppu.oita.jp/
jp-44203,44,442038,中津市,なかつし,city,municipality,,current,https://www.city-nakatsu.jp/,https://www.pref.oita.jp/soshiki/75008/kennai-sityoson.html
jp-44204,44,442046,日田市,ひたし,city,municipality,,current,https://www.city.hita.oita.jp/,https://www.pref.oita.jp/soshiki/75008/kennai-sityoson.html
jp-44205,44,442054,佐伯市,さいきし,city,municipality,,current,https://www.city.saiki.oita.jp/,https://www.city.saiki.oita.jp/
jp-44206,44,442062,臼杵市,うすきし,city,municipality,,current,https://www.city.usuki.oita.jp/,https://www.city.usuki.oita.jp/
jp-44207,44,442070,津久見市,つくみし,city,municipality,,current,https://www.city.tsukumi.oita.jp/,https://www.city.tsukumi.oita.jp/
jp-44208,44,442089,竹田市,たけたし,city,municipality,,current,https://www.city.taketa.oita.jp/,https://www.city.taketa.oita.jp/
jp-44209,44,442097,豊後高田市,ぶんごたかだし,city,municipality,,current,https://www.city.bungotakada.oita.jp/,https://www.city.bungotakada.oita.jp/
jp-44210,44,442100,杵築市,きつきし,city,municipality,,current,https://www.city.kitsuki.lg.jp/,https://www.city.kitsuki.lg.jp/
jp-44211,44,442119,宇佐市,うさし,city,municipality,,current,https://www.city.usa.oita.jp/,https://www.city.usa.oita.jp/
jp-44212,44,442127,豊後大野市,ぶんごおおのし,city,municipality,,current,https://www.bungo-ohno.jp/,https://www.pref.oita.jp/soshiki/75008/kennai-sityoson.html
jp-44213,44,442135,由布市,ゆふし,city,municipality,,current,https://www.city.yufu.oita.jp/,https://www.city.yufu.oita.jp/
jp-44214,44,442143,国東市,くにさきし,city,municipality,,current,https://www.city.kunisaki.oita.jp/,https://www.city.kunisaki.oita.jp/
jp-44322,44,443220,姫島村,ひめしまむら,village,municipality,,current,https://www.himeshima.jp/,https://www.pref.oita.jp/soshiki/75008/kennai-sityoson.html
jp-44341,44,443417,日出町,ひじまち,town,municipality,,current,https://www.town.hiji.lg.jp/,https://www.town.hiji.lg.jp/
jp-44461,44,444618,九重町,ここのえまち,town,municipality,,current,https://www.town.kokonoe.oita.jp/,https://www.town.kokonoe.oita.jp/
jp-44462,44,444626,玖珠町,くすまち,town,municipality,,current,https://www.town.kusu.oita.jp/,https://www.town.kusu.oita.jp/
jp-45201,45,452017,宮崎市,みやざきし,city,municipality,,current,https://www.city.miyazaki.miyazaki.jp/,https://www.city.miyazaki.miyazaki.jp/
jp-45202,45,452025,都城市,みやこのじょうし,city,municipality,,current,https://www.city.miyakonojo.miyazaki.jp/,https://www.pref.miyazaki.lg.jp/kohosenryaku/kense/shichoson/shichosonmap.html
jp-45203,45,452033,延岡市,のべおかし,city,municipality,,current,https://www.city.nobeoka.miyazaki.jp/,https://www.city.nobeoka.miyazaki.jp/
jp-45204,45,452041,日南市,にちなんし,city,municipality,,current,https://www.city.nichinan.lg.jp/,https://www.city.nichinan.lg.jp/
jp-45205,45,452050,小林市,こばやしし,city,municipality,,current,https://www.city.kobayashi.lg.jp/,https://www.city.kobayashi.lg.jp/
jp-45206,45,452068,日向市,ひゅうがし,city,municipality,,current,https://www.hyugacity.jp/,https://www.pref.miyazaki.lg.jp/kohosenryaku/kense/shichoson/shichosonmap.html
jp-45207,45,452076,串間市,くしまし,city,municipality,,current,https://www.city.kushima.lg.jp/,https://www.city.kushima.lg.jp/
jp-45208,45,452084,西都市,さいとし,city,municipality,,current,https://www.city.saito.lg.jp/,https://www.city.saito.lg.jp/
jp-45209,45,452092,えびの市,えびのし,city,municipality,,current,https://www.city.ebino.lg.jp/,https://www.city.ebino.lg.jp/
jp-45341,45,453412,三股町,みまたちょう,town,municipality,,current,https://www.town.mimata.lg.jp/,https://www.town.mimata.lg.jp/
jp-45361,45,453617,高原町,たかはるちょう,town,municipality,,current,https://www.town.takaharu.lg.jp/,https://www.town.takaharu.lg.jp/
jp-45382,45,453820,国富町,くにとみちょう,town,municipality,,current,https://www.town.kunitomi.miyazaki.jp/,https://www.town.kunitomi.miyazaki.jp/
jp-45383,45,453838,綾町,あやちょう,town,municipality,,current,https://www.town.aya.miyazaki.jp/,https://www.town.aya.miyazaki.jp/
jp-45401,45,454010,高鍋町,たかなべちょう,town,municipality,,current,https://www.town.takanabe.lg.jp/,https://www.town.takanabe.lg.jp/
jp-45402,45,454028,新富町,しんとみちょう,town,municipality,,current,https://www.town.shintomi.lg.jp/,https://www.town.shintomi.lg.jp/
jp-45403,45,454036,西米良村,にしめらそん,village,municipality,,current,https://www.vill.nishimera.lg.jp/,https://www.vill.nishimera.lg.jp/
jp-45404,45,454044,木城町,きじょうちょう,town,municipality,,current,https://www.town.kijo.lg.jp/,https://www.pref.miyazaki.lg.jp/kohosenryaku/kense/shichoson/shichosonmap.html
jp-45405,45,454052,川南町,かわみなみちょう,town,municipality,,current,https://www.town.kawaminami.miyazaki.jp/,https://www.town.kawaminami.miyazaki.jp/
jp-45406,45,454060,都農町,つのちょう,town,municipality,,current,https://www.town.tsuno.lg.jp/,https://www.town.tsuno.lg.jp/
jp-45421,45,454214,門川町,かどがわちょう,town,municipality,,current,https://www.town.kadogawa.lg.jp/,https://www.town.kadogawa.lg.jp/
jp-45429,45,454290,諸塚村,もろつかそん,village,municipality,,current,https://www.vill.morotsuka.miyazaki.jp/,https://www.vill.morotsuka.miyazaki.jp/
jp-45430,45,454303,椎葉村,しいばそん,village,municipality,,current,https://www.vill.shiiba.miyazaki.jp/,https://www.vill.shiiba.miyazaki.jp/
jp-45431,45,454311,美郷町,みさとちょう,town,municipality,,current,https://www.town.miyazaki-misato.lg.jp/,https://www.pref.miyazaki.lg.jp/kohosenryaku/kense/shichoson/shichosonmap.html
jp-45441,45,454419,高千穂町,たかちほちょう,town,municipality,,current,https://www.town-takachiho.jp/,https://www.pref.miyazaki.lg.jp/kohosenryaku/kense/shichoson/shichosonmap.html
jp-45442,45,454427,日之影町,ひのかげちょう,town,municipality,,current,https://www.town.hinokage.lg.jp/,https://www.town.hinokage.lg.jp/
jp-45443,45,454435,五ヶ瀬町,ごかせちょう,town,municipality,,current,https://www.town.gokase.miyazaki.jp/,https://www.town.gokase.miyazaki.jp/
jp-46201,46,462012,鹿児島市,かごしまし,city,municipality,,current,https://www.city.kagoshima.lg.jp/,https://www.city.kagoshima.lg.jp/
jp-46203,46,462039,鹿屋市,かのやし,city,municipality,,current,https://www.city.kanoya.lg.jp/,https://www.city.kanoya.lg.jp/
jp-46204,46,462047,枕崎市,まくらざきし,city,municipality,,current,https://www.city.makurazaki.lg.jp/,https://www.city.makurazaki.lg.jp/
jp-46206,46,462063,阿久根市,あくねし,city,municipality,,current,https://www.city.akune.lg.jp/,https://www.city.akune.lg.jp/
jp-46208,46,462080,出水市,いずみし,city,municipality,,current,https://www.city.kagoshima-izumi.lg.jp/,https://www.pref.kagoshima.jp/aa02/link/shichoson.html
jp-46210,46,462101,指宿市,いぶすきし,city,municipality,,current,https://www.city.ibusuki.lg.jp/,https://www.city.ibusuki.lg.jp/
jp-46213,46,462136,西之表市,にしのおもてし,city,municipality,,current,https://www.city.nishinoomote.lg.jp/,https://www.city.nishinoomote.lg.jp/
jp-46214,46,462144,垂水市,たるみずし,city,municipality,,current,https://www.city.tarumizu.lg.jp/,https://www.city.tarumizu.lg.jp/
jp-46215,46,462152,薩摩川内市,さつませんだいし,city,municipality,,current,https://www.city.satsumasendai.lg.jp/,https://www.city.satsumasendai.lg.jp/
jp-46216,46,462160,日置市,ひおきし,city,municipality,,current,https://www.city.hioki.kagoshima.jp/,https://www.pref.kagoshima.jp/aa02/link/shichoson.html
jp-46217,46,462179,曽於市,そおし,city,municipality,,current,https://www.city.soo.kagoshima.jp/,https://www.city.soo.kagoshima.jp/
jp-46218,46,462187,霧島市,きりしまし,city,municipality,,current,https://www.city-kirishima.jp/,https://www.pref.kagoshima.jp/aa02/link/shichoson.html
jp-46219,46,462195,いちき串木野市,いちきくしきのし,city,municipality,,current,https://www.city.ichikikushikino.lg.jp/,https://www.city.ichikikushikino.lg.jp/
jp-46220,46,462209,南さつま市,みなみさつまし,city,municipality,,current,https://www.city.minamisatsuma.lg.jp/,https://www.city.minamisatsuma.lg.jp/
jp-46221,46,462217,志布志市,しぶしし,city,municipality,,current,https://www.city.shibushi.lg.jp/,https://www.city.shibushi.lg.jp/
jp-46222,46,462225,奄美市,あまみし,city,municipality,,current,https://www.city.amami.lg.jp/,https://www.city.amami.lg.jp/
jp-46223,46,462233,南九州市,みなみきゅうしゅうし,city,municipality,,current,https://www.city.minamikyushu.lg.jp/,https://www.pref.kagoshima.jp/aa02/link/shichoson.html
jp-46224,46,462241,伊佐市,いさし,city,municipality,,current,https://www.city.isa.kagoshima.jp/,https://www.city.isa.kagoshima.jp/
jp-46225,46,462250,姶良市,あいらし,city,municipality,,current,https://www.city.aira.lg.jp/,https://www.city.aira.lg.jp/
jp-46303,46,463035,三島村,みしまむら,village,municipality,,current,https://mishimamura.com/,https://www.pref.kagoshima.jp/aa02/link/shichoson.html
jp-46304,46,463043,十島村,としまむら,village,municipality,,current,https://www.tokara.jp/,https://www.pref.kagoshima.jp/aa02/link/shichoson.html
jp-46392,46,463922,さつま町,さつまちょう,town,municipality,,current,https://www.satsuma-net.jp/,https://www.pref.kagoshima.jp/aa02/link/shichoson.html
jp-46404,46,464040,長島町,ながしまちょう,town,municipality,,current,https://www.town.nagashima.lg.jp/,https://www.town.nagashima.lg.jp/
jp-46452,46,464520,湧水町,ゆうすいちょう,town,municipality,,current,https://www.town.yusui.kagoshima.jp/,https://www.pref.kagoshima.jp/aa02/link/shichoson.html
jp-46468,46,464686,大崎町,おおさきちょう,town,municipality,,current,https://www.town.kagoshima-osaki.lg.jp/,https://www.pref.kagoshima.jp/aa02/link/shichoson.html
jp-46482,46,464821,東串良町,ひがしくしらちょう,town,municipality,,current,https://www.higashikushira.com/,https://www.pref.kagoshima.jp/aa02/link/shichoson.html
jp-46490,46,464902,錦江町,きんこうちょう,town,municipality,,current,https://www.town.kinko.lg.jp/,https://www.pref.kagoshima.jp/aa02/link/shichoson.html
jp-46491,46,464910,南大隅町,みなみおおすみちょう,town,municipality,,current,https://www.town.minamiosumi.lg.jp/,https://www.pref.kagoshima.jp/aa02/link/shichoson.html
jp-46492,46,464929,肝付町,きもつきちょう,town,municipality,,current,https://kimotsuki-town.jp/,https://www.pref.kagoshima.jp/aa02/link/shichoson.html
jp-46501,46,465011,中種子町,なかたねちょう,town,municipality,,current,https://town.nakatane.kagoshima.jp/,https://www.pref.kagoshima.jp/aa02/link/shichoson.html
jp-46502,46,465020,南種子町,みなみたねちょう,town,municipality,,current,https://www.town.minamitane.kagoshima.jp/,https://www.pref.kagoshima.jp/aa02/link/shichoson.html
jp-46505,46,465054,屋久島町,やくしまちょう,town,municipality,,current,https://www.town.yakushima.kagoshima.jp/,https://www.town.yakushima.kagoshima.jp/
jp-46523,46,465232,大和村,やまとそん,village,municipality,,current,https://www.vill.yamato.lg.jp/,https://www.vill.yamato.lg.jp/
jp-46524,46,465240,宇検村,うけんそん,village,municipality,,current,https://www.uken.net/,https://www.pref.kagoshima.jp/aa02/link/shichoson.html
jp-46525,46,465259,瀬戸内町,せとうちちょう,town,municipality,,current,https://www.town.setouchi.lg.jp/,https://www.town.setouchi.lg.jp/
jp-46527,46,465275,龍郷町,たつごうちょう,town,municipality,,current,https://www.town.tatsugo.lg.jp/,https://www.pref.kagoshima.jp/aa02/link/shichoson.html
jp-46529,46,465291,喜界町,きかいちょう,town,municipality,,current,https://www.town.kikai.lg.jp/,https://www.town.kikai.lg.jp/
jp-46530,46,465305,徳之島町,とくのしまちょう,town,municipality,,current,https://www.tokunoshima-town.org/,https://www.pref.kagoshima.jp/aa02/link/shichoson.html
jp-46531,46,465313,天城町,あまぎちょう,town,municipality,,current,https://www.town.amagi.lg.jp/,https://www.town.amagi.lg.jp/
jp-46532,46,465321,伊仙町,いせんちょう,town,municipality,,current,https://www.town.isen.kagoshima.jp/,https://www.town.isen.kagoshima.jp/
jp-46533,46,465330,和泊町,わどまりちょう,town,municipality,,current,https://www.town.wadomari.lg.jp/,https://www.town.wadomari.lg.jp/
jp-46534,46,465348,知名町,ちなちょう,town,municipality,,current,https://www.town.china.lg.jp/,https://www.town.china.lg.jp/
jp-46535,46,465356,与論町,よろんちょう,town,municipality,,current,https://www.yoron.jp/,https://www.pref.kagoshima.jp/aa02/link/shichoson.html
jp-47201,47,472018,那覇市,なはし,city,municipality,,current,https://www.city.naha.okinawa.jp/,https://www.e-stat.go.jp/municipalities/cities/areacode?page=94
jp-47205,47,472050,宜野湾市,ぎのわんし,city,municipality,,current,https://www.city.ginowan.lg.jp/,https://www.city.ginowan.lg.jp/
jp-47207,47,472077,石垣市,いしがきし,city,municipality,,current,https://www.city.ishigaki.okinawa.jp/,https://www.city.ishigaki.okinawa.jp/
jp-47208,47,472085,浦添市,うらそえし,city,municipality,,current,https://www.city.urasoe.lg.jp/,https://www.city.urasoe.lg.jp/
jp-47209,47,472093,名護市,なごし,city,municipality,,current,https://www.city.nago.okinawa.jp/,https://www.city.nago.okinawa.jp/
jp-47210,47,472107,糸満市,いとまんし,city,municipality,,current,https://www.city.itoman.lg.jp/,https://www.city.itoman.lg.jp/
jp-47211,47,472115,沖縄市,おきなわし,city,municipality,,current,https://www.city.okinawa.okinawa.jp/,https://www.city.okinawa.okinawa.jp/
jp-47212,47,472123,豊見城市,とみぐすくし,city,municipality,,current,https://www.city.tomigusuku.lg.jp/,https://www.city.tomigusuku.lg.jp/
jp-47213,47,472131,うるま市,うるまし,city,municipality,,current,https://www.city.uruma.lg.jp/,https://www.city.uruma.lg.jp/
jp-47214,47,472140,宮古島市,みやこじまし,city,municipality,,current,https://www.city.miyakojima.lg.jp/,https://www.city.miyakojima.lg.jp/
jp-47215,47,472158,南城市,なんじょうし,city,municipality,,current,https://www.city.nanjo.okinawa.jp/,https://www.pref.okinawa.jp/about/1018107.html
jp-47301,47,473014,国頭村,くにがみそん,village,municipality,,current,https://www.vill.kunigami.okinawa.jp/,https://www.vill.kunigami.okinawa.jp/
jp-47302,47,473022,大宜味村,おおぎみそん,village,municipality,,current,https://www.vill.ogimi.okinawa.jp/,https://www.pref.okinawa.jp/about/1018107.html
jp-47303,47,473030,東村,ひがしそん,village,municipality,,current,https://www.vill.higashi.okinawa.jp/,https://www.vill.higashi.okinawa.jp/
jp-47306,47,473065,今帰仁村,なきじんそん,village,municipality,,current,https://www.nakijin.jp/,https://www.pref.okinawa.jp/about/1018107.html
jp-47308,47,473081,本部町,もとぶちょう,town,municipality,,current,https://www.town.motobu.okinawa.jp/,https://www.town.motobu.okinawa.jp/
jp-47311,47,473111,恩納村,おんなそん,village,municipality,,current,https://www.vill.onna.okinawa.jp/,https://www.vill.onna.okinawa.jp/
jp-47313,47,473138,宜野座村,ぎのざそん,village,municipality,,current,https://www.vill.ginoza.okinawa.jp/,https://www.vill.ginoza.okinawa.jp/
jp-47314,47,473146,金武町,きんちょう,town,municipality,,current,https://www.town.kin.okinawa.jp/,https://www.town.kin.okinawa.jp/
jp-47315,47,473154,伊江村,いえそん,village,municipality,,current,https://www.iejima.org/,https://www.pref.okinawa.jp/about/1018107.html
jp-47324,47,473243,読谷村,よみたんそん,village,municipality,,current,https://www.vill.yomitan.okinawa.jp/,https://www.vill.yomitan.okinawa.jp/
jp-47325,47,473251,嘉手納町,かでなちょう,town,municipality,,current,https://www.town.kadena.okinawa.jp/,https://www.town.kadena.okinawa.jp/
jp-47326,47,473260,北谷町,ちゃたんちょう,town,municipality,,current,https://www.chatan.jp/,https://www.pref.okinawa.jp/about/1018107.html
jp-47327,47,473278,北中城村,きたなかぐすくそん,village,municipality,,current,https://www.vill.kitanakagusuku.lg.jp/,https://www.vill.kitanakagusuku.lg.jp/
jp-47328,47,473286,中城村,なかぐすくそん,village,municipality,,current,https://www.vill.nakagusuku.okinawa.jp/,https://www.vill.nakagusuku.okinawa.jp/
jp-47329,47,473294,西原町,にしはらちょう,town,municipality,,current,https://www.town.nishihara.okinawa.jp/,https://www.town.nishihara.okinawa.jp/
jp-47348,47,473480,与那原町,よなばるちょう,town,municipality,,current,https://www.town.yonabaru.okinawa.jp/,https://www.town.yonabaru.okinawa.jp/
jp-47350,47,473502,南風原町,はえばるちょう,town,municipality,,current,https://www.town.haebaru.lg.jp/,https://www.town.haebaru.lg.jp/
jp-47353,47,473537,渡嘉敷村,とかしきそん,village,municipality,,current,https://www.vill.tokashiki.okinawa.jp/,https://www.vill.tokashiki.okinawa.jp/
jp-47354,47,473545,座間味村,ざまみそん,village,municipality,,current,https://www.vill.zamami.okinawa.jp/,https://www.vill.zamami.okinawa.jp/
jp-47355,47,473553,粟国村,あぐにそん,village,municipality,,current,https://www.vill.aguni.okinawa.jp/,https://www.vill.aguni.okinawa.jp/
jp-47356,47,473561,渡名喜村,となきそん,village,municipality,,current,https://www.vill.tonaki.okinawa.jp/,https://www.pref.okinawa.jp/about/1018107.html
jp-47357,47,473570,南大東村,みなみだいとうそん,village,municipality,,current,https://www.vill.minamidaito.okinawa.jp/,https://www.pref.okinawa.jp/about/1018107.html
jp-47358,47,473588,北大東村,きただいとうそん,village,municipality,,current,https://www.vill.kitadaito.okinawa.jp/,https://www.pref.okinawa.jp/about/1018107.html
jp-47359,47,473596,伊平屋村,いへやそん,village,municipality,,current,https://www.vill.iheya.okinawa.jp/,https://www.vill.iheya.okinawa.jp/
jp-47360,47,473600,伊是名村,いぜなそん,village,municipality,,current,https://www.vill.izena.okinawa.jp/,https://www.vill.izena.okinawa.jp/
jp-47361,47,473618,久米島町,くめじまちょう,town,municipality,,current,https://www.town.kumejima.okinawa.jp/,https://www.town.kumejima.okinawa.jp/
jp-47362,47,473626,八重瀬町,やえせちょう,town,municipality,,current,https://www.town.yaese.lg.jp/,https://www.town.yaese.lg.jp/
jp-47375,47,473758,多良間村,たらまそん,village,municipality,,current,https://www.vill.tarama.okinawa.jp/,https://www.vill.tarama.okinawa.jp/
jp-47381,47,473812,竹富町,たけとみちょう,town,municipality,,current,https://www.town.taketomi.lg.jp/,https://www.town.taketomi.lg.jp/
jp-47382,47,473820,与那国町,よなぐにちょう,town,municipality,,current,https://www.town.yonaguni.okinawa.jp/,https://www.town.yonaguni.okinawa.jp/
